"target_eB","target_eB_label","achieved_eB","n","scenario","method","reps","valid_reps","selected_q","common_q","decision_q","noise_q","TPR","FPR","Precision","F1","ARI","MSE_mu","MSE_kappa","MSE_eta","zero_support_refit_reps","completed_cell"
"0.025","2.5%","0.0242","1000","OBE5_equal_kappa","D-AGL","100","100","20","4","16","0","1","0.0217391304347826","0.8","0.888888888888889","0.936218614113409","4.12523856895483e-05","1.22386794496842","0.0675857281278557","0","True"
"0.025","2.5%","0.0242","1000","OBE5_equal_kappa","D-GL","100","100","20","4","16","0","1","0.0217391304347826","0.8","0.888888888888889","0.936218614113409","4.12605549196588e-05","1.22385591398471","0.0676014543593999","0","True"
"0.025","2.5%","0.0242","1000","OBE5_equal_kappa","D-L","100","100","199.45","4","16","179.45","1","0.997010869565217","0.0802206066683379","0.148526340218148","0.922606573758963","0.000409866714853889","5.44543473438173","0.677892948342927","0","True"
"0.025","2.5%","0.0242","1000","OBE5_equal_kappa","E-AGL","100","100","16.05","0","16","0.05","1","0.000271739130434783","0.996884735202492","0.998439937597504","0.936283845591249","0.000740413367900273","12.2378566822833","0.0544358928354752","0","True"
"0.025","2.5%","0.0242","1000","OBE5_equal_kappa","E-GL","100","100","17.03","0.01","16","1.02","1","0.00559782608695652","0.939518496770405","0.968816227671814","0.935941717628081","0.000747230599526147","11.914526028422","0.0697600231238557","0","True"
"0.025","2.5%","0.0242","1000","OBE5_equal_kappa","E-L","100","100","197.54","3.95","16","177.59","1","0.986630434782609","0.080996253923256","0.149854828135244","0.922657453103788","0.000417531975236346","5.30910695070571","0.677420617700388","0","True"
"0.025","2.5%","0.0254","1000","OBE5_heterogeneous_kappa","D-AGL","100","100","20.08","3.93","16","0.15","1","0.0221739130434783","0.796812749003984","0.886917960088692","0.937589736702602","5.22713225539535e-05","1.11382215668092","0.0661504158840683","0","True"
"0.025","2.5%","0.0254","1000","OBE5_heterogeneous_kappa","D-GL","100","100","20.09","3.92","16","0.17","1","0.0222282608695652","0.79641612742658","0.886672208367969","0.937592793660384","5.29430041600201e-05","1.11597662346508","0.0663679824554924","0","True"
"0.025","2.5%","0.0254","1000","OBE5_heterogeneous_kappa","D-L","100","100","199.51","4","16","179.51","1","0.997336956521739","0.0801964813793795","0.148484989095634","0.923098320925245","0.000480648947458291","5.77391723015728","0.669901183383054","0","True"
"0.025","2.5%","0.0254","1000","OBE5_heterogeneous_kappa","E-AGL","100","100","16.03","0","16","0.0300000000000001","1","0.00016304347826087","0.99812850904554","0.999063378083047","0.93787803001352","0.000182375690929539","1.39371480768048","0.051820647491198","0","True"
"0.025","2.5%","0.0254","1000","OBE5_heterogeneous_kappa","E-GL","100","100","17.12","0.03","16","1.09","1","0.00608695652173913","0.934579439252336","0.966183574879227","0.936841222392193","0.00019235378411012","1.35013489767479","0.0687770229613206","0","True"
"0.025","2.5%","0.0254","1000","OBE5_heterogeneous_kappa","E-L","100","100","197.39","3.93","16","177.46","1","0.985815217391304","0.0810578043467248","0.149960166830686","0.923096652409387","0.000481768385801052","5.70230118671105","0.669548792901634","0","True"
"0.025","2.5%","0.0242","300","OBE5_equal_kappa","D-AGL","100","100","47.89","4","16","27.8899999999999","1","0.173315217391304","0.334098976821883","0.500860854593833","0.916694429842452","0.000512380984444169","13.4988392493673","0.897003191563055","0","True"
"0.025","2.5%","0.0242","300","OBE5_equal_kappa","D-GL","100","100","36.88","4","16","16.88","1","0.113478260869565","0.433839479392625","0.605143721633888","0.92289249188435","0.000384736589802457","9.97012587793145","0.658812183985178","0","True"
"0.025","2.5%","0.0242","300","OBE5_equal_kappa","D-L","100","100","199.53","4","16","179.53","1","0.997445652173913","0.0801884428406756","0.148471210504338","0.887706913505183","0.00123170117760969","55.0393960719501","2.42833931798619","0","True"
"0.025","2.5%","0.0242","300","OBE5_equal_kappa","E-AGL","100","100","17.97","0.03","16","1.94","1","0.0107065217391304","0.890372843628269","0.942007653812187","0.929635486652077","0.000853371966906427","10.3910496984777","0.252603298775185","0","True"
"0.025","2.5%","0.0242","300","OBE5_equal_kappa","E-GL","100","100","17.85","0.08","16","1.77","1","0.010054347826087","0.896358543417367","0.945347119645495","0.930519262005992","0.00085167087817522","9.87055333105619","0.266765835788816","0","True"
"0.025","2.5%","0.0242","300","OBE5_equal_kappa","E-L","100","100","197.98","3.96","16","178.02","1","0.989021739130435","0.0808162440650571","0.149546686606225","0.889358187531236","0.00123489618931616","54.3732626421671","2.42183974866947","0","True"
"0.025","2.5%","0.0254","300","OBE5_heterogeneous_kappa","D-AGL","100","100","53.77","3.65","16","34.1200000000001","1","0.205271739130435","0.297563697228938","0.458649849505518","0.913951114289924","0.00070919824507654","16.6715513876848","0.992237883162621","0","True"
"0.025","2.5%","0.0254","300","OBE5_heterogeneous_kappa","D-GL","100","100","45.45","3.39","16","26.06","1","0.160054347826087","0.352035203520352","0.520748576078112","0.92468889269952","0.000603885843824807","14.0416827242705","0.813782064318052","0","True"
"0.025","2.5%","0.0254","300","OBE5_heterogeneous_kappa","D-L","100","100","199.63","4","16","179.63","1","0.997989130434783","0.0801482743074688","0.1484023558874","0.88650621337569","0.00141349914129369","60.1891266054044","2.42412260433604","0","True"
"0.025","2.5%","0.0254","300","OBE5_heterogeneous_kappa","E-AGL","100","100","18.23","0.02","16","2.21","1","0.0121195652173913","0.877674163466813","0.9348524685948","0.930933616810637","0.000327167424211253","4.13008096624849","0.259683353513223","0","True"
"0.025","2.5%","0.0254","300","OBE5_heterogeneous_kappa","E-GL","100","100","18.91","0.07","16","2.84","1","0.0158152173913043","0.846113167636171","0.916642795760527","0.930850144125554","0.000346539136304056","4.36537440999247","0.296579089109267","0","True"
"0.025","2.5%","0.0254","300","OBE5_heterogeneous_kappa","E-L","100","100","197.99","3.93","16","178.06","1","0.989076086956522","0.0808121622304157","0.149539698116734","0.888251226816465","0.00141147787850379","59.342386894657","2.41658317877274","0","True"
"0.05","5.0%","0.0458","1000","OBE5_equal_kappa","D-AGL","100","100","20","4","16","0","1","0.0217391304347826","0.8","0.888888888888889","0.879400945271266","4.3269122866703e-05","1.34941132878509","0.0715294174750764","0","True"
"0.05","5.0%","0.0458","1000","OBE5_equal_kappa","D-GL","100","100","20","4","16","0","1","0.0217391304347826","0.8","0.888888888888889","0.879277341811517","4.33011815772521e-05","1.34909949890882","0.071593908946581","0","True"
"0.05","5.0%","0.0458","1000","OBE5_equal_kappa","D-L","100","100","199.53","4","16","179.53","1","0.997445652173913","0.0801884428406756","0.148471210504338","0.852930954531926","0.000428524450617935","5.97185557830675","0.720717210212823","0","True"
"0.05","5.0%","0.0458","1000","OBE5_equal_kappa","E-AGL","100","100","16.09","0","16","0.09","1","0.000489130434782609","0.994406463642014","0.997195387971331","0.88046399544729","0.00175271493916093","66.9991886377096","0.0586192098188728","0","True"
"0.05","5.0%","0.0458","1000","OBE5_equal_kappa","E-GL","100","100","17.09","0.03","16","1.06","1","0.00592391304347826","0.93622001170275","0.967059534602599","0.880167873787901","0.00174852130604209","65.3676003537202","0.0738752890051711","0","True"
"0.05","5.0%","0.0458","1000","OBE5_equal_kappa","E-L","100","100","197.53","3.94","16","177.59","1","0.986576086956522","0.0810003543765504","0.149861846110617","0.852877407902841","0.000452068023086459","5.72902146313327","0.719984488795355","0","True"
"0.05","5.0%","0.0454","1000","OBE5_heterogeneous_kappa","D-AGL","100","100","20","4","16","0","1","0.0217391304347826","0.8","0.888888888888889","0.878426885838582","5.0708655954332e-05","1.16831812583051","0.067997692977639","0","True"
"0.05","5.0%","0.0454","1000","OBE5_heterogeneous_kappa","D-GL","100","100","20","4","16","0","1","0.0217391304347826","0.8","0.888888888888889","0.878474794886612","5.07355225923347e-05","1.16602492697997","0.0680164878095333","0","True"
"0.05","5.0%","0.0454","1000","OBE5_heterogeneous_kappa","D-L","100","100","199.71","4","16","179.71","1","0.998423913043478","0.0801161684442442","0.148347318158639","0.849415307471787","0.000514636318474643","6.45285792575045","0.722518521598208","0","True"
"0.05","5.0%","0.0454","1000","OBE5_heterogeneous_kappa","E-AGL","100","100","16.06","0","16","0.0599999999999999","1","0.000326086956521739","0.99626400996264","0.99812850904554","0.879682657231518","0.00137686737222013","33.066052453068","0.0555671945933491","0","True"
"0.05","5.0%","0.0454","1000","OBE5_heterogeneous_kappa","E-GL","100","100","17.14","0.03","16","1.11","1","0.00619565217391304","0.933488914819137","0.965600482800241","0.879556353095647","0.00137868229630921","31.9955277775066","0.0726793933643017","0","True"
"0.05","5.0%","0.0454","1000","OBE5_heterogeneous_kappa","E-L","100","100","197.67","3.96","16","177.71","1","0.987336956521739","0.0809429857843881","0.149763654233163","0.849414203367437","0.000526138623894876","6.23684767044905","0.72178937832982","0","True"
"0.05","5.0%","0.0458","300","OBE5_equal_kappa","D-AGL","100","100","60.72","4","16","40.72","1","0.24304347826087","0.263504611330698","0.417101147028154","0.836052963812734","0.000664247292086613","20.0838014577735","1.21656576072165","0","True"
"0.05","5.0%","0.0458","300","OBE5_equal_kappa","D-GL","100","100","42.23","4","16","22.23","1","0.142554347826087","0.378877575183519","0.549544908122961","0.860035622669289","0.000448610759551976","12.7591334011563","0.791564318686167","0","True"
"0.05","5.0%","0.0458","300","OBE5_equal_kappa","D-L","100","100","199.71","4","16","179.71","1","0.998423913043478","0.0801161684442442","0.148347318158639","0.781857455450412","0.00132547391388702","63.6794883272924","2.70416466722843","0","True"
"0.05","5.0%","0.0458","300","OBE5_equal_kappa","E-AGL","100","100","16.73","0.03","16","0.7","1","0.00396739130434783","0.956365809922295","0.977696303085854","0.873905915027649","0.0018505874043556","57.1665365614926","0.222238594780229","0","True"
"0.05","5.0%","0.0458","300","OBE5_equal_kappa","E-GL","100","100","17.42","0.07","16","1.35","1","0.00771739130434783","0.918484500574053","0.957510472770796","0.870393792695276","0.00185561609348301","54.3649679786455","0.261699081659723","0","True"
"0.05","5.0%","0.0458","300","OBE5_equal_kappa","E-L","100","100","198.17","3.91","16","178.26","1","0.990054347826087","0.0807387596508049","0.149414016902461","0.787072205709215","0.00135591264330277","61.1726829385952","2.6843856405867","0","True"
"0.05","5.0%","0.0454","300","OBE5_heterogeneous_kappa","D-AGL","100","100","71.36","4","16","51.3599999999999","1","0.300869565217391","0.224215246636771","0.366300366300366","0.818274207410228","0.000957200267655571","31.8558551512327","1.46789978285308","0","True"
"0.05","5.0%","0.0454","300","OBE5_heterogeneous_kappa","D-GL","100","100","41.31","4","16","21.31","1","0.137554347826087","0.387315419995159","0.558366777176758","0.853673570271851","0.00055753822694786","14.2714637062316","0.782594184246389","0","True"
"0.05","5.0%","0.0454","300","OBE5_heterogeneous_kappa","D-L","100","100","199.69","4","16","179.69","1","0.998315217391304","0.0801241924983725","0.148361073763271","0.766487176715122","0.00161147885653535","78.8170443844425","2.86379709758422","0","True"
"0.05","5.0%","0.0454","300","OBE5_heterogeneous_kappa","E-AGL","100","100","17.95","0.04","16","1.91","1","0.0105978260869565","0.891364902506964","0.942562592047128","0.866333917133632","0.00153868499141686","26.2103825424045","0.270780001100182","0","True"
"0.05","5.0%","0.0454","300","OBE5_heterogeneous_kappa","E-GL","100","100","17.9","0.07","16","1.83000000000001","1","0.0103260869565217","0.893854748603352","0.943952802359882","0.866705212967937","0.00154111046644192","24.956854520267","0.291237962875119","0","True"
"0.05","5.0%","0.0454","300","OBE5_heterogeneous_kappa","E-L","100","100","198.22","3.95","16","178.27","1","0.990326086956522","0.0807183937039653","0.149379142937167","0.769249358598028","0.00161896079215194","73.5332647122727","2.82674392872477","0","True"
"0.10","10.0%","0.1124","1000","OBE5_equal_kappa","D-AGL","100","100","20.01","4","16","0.01","1","0.0217934782608696","0.79960019990005","0.888642043876701","0.720732791293456","4.99251290003175e-05","1.64321397088779","0.0848869747084657","0","True"
"0.10","10.0%","0.1124","1000","OBE5_equal_kappa","D-GL","100","100","20.14","4","16","0.14","1","0.0225","0.794438927507448","0.885445489762037","0.719933057589594","5.14098861433491e-05","1.65038239781921","0.0871918126500811","0","True"
"0.10","10.0%","0.1124","1000","OBE5_equal_kappa","D-L","100","100","199.74","4","16","179.74","1","0.998586956521739","0.0801041353759888","0.148326689533698","0.653841443103367","0.000501480993337","7.95427435344607","0.889674104215248","0","True"
"0.10","10.0%","0.1124","1000","OBE5_equal_kappa","E-AGL","100","100","16.2","0.01","16","0.190000000000001","1","0.00108695652173913","0.987654320987654","0.993788819875776","0.721588097844709","0.00339365940556119","244.49698920667","0.0703822844165507","0","True"
"0.10","10.0%","0.1124","1000","OBE5_equal_kappa","E-GL","100","100","17.19","0.05","16","1.14","1","0.00646739130434783","0.930773705642816","0.964145827056342","0.720311693023307","0.00336797567366683","238.019672511736","0.0873385914884726","0","True"
"0.10","10.0%","0.1124","1000","OBE5_equal_kappa","E-L","100","100","198.34","3.98","16","178.36","1","0.990978260869565","0.0806695573258042","0.149295511803676","0.653978544295284","0.000515347596891542","7.76530359920552","0.888693836029513","0","True"
"0.10","10.0%","0.1052","1000","OBE5_heterogeneous_kappa","D-AGL","100","100","25.54","4","16","5.54","1","0.0518478260869565","0.62646828504307","0.770341839191141","0.734979210409127","0.000105525105852038","2.18950994942791","0.135895103096716","0","True"
"0.10","10.0%","0.1052","1000","OBE5_heterogeneous_kappa","D-GL","100","100","23.78","4","16","3.78","1","0.0422826086956522","0.672834314550042","0.804424333836099","0.737749601892979","9.68369533134562e-05","4.11029996492421","0.133681167074296","0","True"
"0.10","10.0%","0.1052","1000","OBE5_heterogeneous_kappa","D-L","100","100","199.95","4","16","179.95","1","0.999728260869565","0.0800200050012503","0.148182449641121","0.662019933781231","0.000710400609807219","16.0520896716595","1.03636713925696","0","True"
"0.10","10.0%","0.1052","1000","OBE5_heterogeneous_kappa","E-AGL","100","100","18.94","0.09","16","2.84999999999999","1","0.0159782608695652","0.844772967265047","0.915855752718947","0.741008056471462","0.00305874881499847","153.025590166846","0.0934237805156614","0","True"
"0.10","10.0%","0.1052","1000","OBE5_heterogeneous_kappa","E-GL","100","100","20.58","0.07","16","4.51000000000001","1","0.0248913043478261","0.777453838678329","0.874794969928923","0.739462668771168","0.00309999943816904","149.31875825834","0.120600591645594","0","True"
"0.10","10.0%","0.1052","1000","OBE5_heterogeneous_kappa","E-L","100","100","199.23","3.97","16","179.26","1","0.995815217391304","0.0803091903829744","0.148678158249315","0.661691383397733","0.000736412420248354","16.0973781979263","1.04180080035219","0","True"
"0.10","10.0%","0.1124","300","OBE5_equal_kappa","D-AGL","100","100","53.14","4","15.94","33.1999999999999","0.99625","0.202173913043478","0.299962363567934","0.461093433612959","0.633448255227602","0.00070263868158181","79.3957611684922","1.64396879604681","0","True"
"0.10","10.0%","0.1124","300","OBE5_equal_kappa","D-GL","100","100","31.43","4","15.94","11.49","0.99625","0.0841847826086956","0.507158765510659","0.672148429264179","0.679740944277451","0.000399590500324502","215.414854276314","1.69472504337289","0","True"
"0.10","10.0%","0.1124","300","OBE5_equal_kappa","D-L","100","100","199.57","4","16","179.57","1","0.997663043478261","0.0801723705967831","0.148443660991789","0.432888048253668","0.0019213809414257","99.3972315502481","4.34367242268014","0","True"
"0.10","10.0%","0.1124","300","OBE5_equal_kappa","E-AGL","100","98","16.92","0.02","15.55","1.35","0.971875","0.00744565217391304","0.91903073286052","0.944714459295261","0.702911403876925","0.00361246392839801","215.862171284283","0.354875207964674","2","True"
"0.10","10.0%","0.1124","300","OBE5_equal_kappa","E-GL","100","100","17.53","0.05","16","1.48","1","0.00831521739130435","0.912721049629207","0.954369221592604","0.705687870947488","0.00354967656294524","208.255072069719","0.314260397995212","0","True"
"0.10","10.0%","0.1124","300","OBE5_equal_kappa","E-L","100","100","198.12","3.97","16","178.15","1","0.989782608695652","0.0807591358772461","0.149448907154866","0.422720726721291","0.00200606627812866","100.012707660309","4.51219706561554","0","True"
"0.10","10.0%","0.1052","300","OBE5_heterogeneous_kappa","D-AGL","100","100","70.03","4","15.96","50.0700000000001","0.9975","0.293858695652174","0.227902327573897","0.371033360455655","0.588956788842674","0.00155097738405701","665.859615469877","5.27447951832487","0","True"
"0.10","10.0%","0.1052","300","OBE5_heterogeneous_kappa","D-GL","100","100","37.67","4","15.8","17.87","0.9875","0.118858695652174","0.419431908680648","0.588783305384759","0.629023323629456","0.00113936903731953","1962.09400195615","10.1820621596118","0","True"
"0.10","10.0%","0.1052","300","OBE5_heterogeneous_kappa","D-L","100","100","199.62","4","16","179.62","1","0.997934782608696","0.0801522893497646","0.148409238475095","0.523850793838816","0.00224047969076897","164.979329045639","4.4933237115764","0","True"
"0.10","10.0%","0.1052","300","OBE5_heterogeneous_kappa","E-AGL","100","100","19.49","0.09","14.92","4.48","0.9325","0.0248369565217391","0.765520779887122","0.84080022541561","0.683212281126133","0.00356262537864571","140.084312579435","0.780492354731562","0","True"
"0.10","10.0%","0.1052","300","OBE5_heterogeneous_kappa","E-GL","100","100","21.75","0.14","15.57","6.04000000000001","0.973125","0.0335869565217391","0.715862068965517","0.824900662251656","0.690089400442654","0.00348042236376484","120.279464645169","0.77933372940617","0","True"
"0.10","10.0%","0.1052","300","OBE5_heterogeneous_kappa","E-L","100","100","198.38","3.95","16","178.43","1","0.991195652173913","0.080653291662466","0.149267655564885","0.522019801299069","0.00231239763356812","162.730099774956","4.56505058545101","0","True"
