"scenario","method","reps","valid_reps","error_reps","not_available_reps","status_summary","ARI","NMI","purity","K_fit","loglik","elapsed_sec","selected_q","common_q_selected","decision_q_selected","noise_q_selected","TPR","FPR","Precision","F1","MSE_mu","MSE_kappa","MSE_centered_eta","kappa_hat_mean","mu_pairwise_angle_mean","mu_pairwise_angle_min","mu_pairwise_angle_max"
"S1","Spherical k-means",50,50,0,0,"ok",0.768479070126408,0.739938924280452,0.90278,4,NA,0.174399999999997,NA,NA,NA,NA,NA,NA,NA,NA,NA,NA,NA,NA,89.9975318136829,80.6453289072677,97.8913697990271
"S1","Dense vMF free kappa",50,50,0,0,"ok",0.836335265983022,0.801439239390439,0.934,4,248013.22961897,1.4768,NA,NA,NA,NA,NA,NA,NA,NA,0.000528421774375262,6.25951454519771,0.740546327758758,47.1452753399525,89.9975318136829,80.6453289072677,97.8913697990271
"S1","Sparse k-means",50,50,0,0,"ok",0.66886360150725,0.669151457780819,0.82636,4,NA,27.7988,52.36,0.72,15.2,36.44,0.95,0.20195652173913,0.645107924611183,0.673794632756833,NA,NA,NA,NA,89.9975318136829,80.6453289072677,97.8913697990271
"S1","dbmovMFs",50,0,0,50,"not_available: dbmovMFs package not installed",NA,NA,NA,NA,NA,NA,NA,NA,NA,NA,NA,NA,NA,NA,NA,NA,NA,NA,89.9975318136829,80.6453289072677,97.8913697990271
"S2","Spherical k-means",50,50,0,0,"ok",0.876748067854081,0.828882828321805,0.95224,4,NA,0.106999999999971,NA,NA,NA,NA,NA,NA,NA,NA,NA,NA,NA,NA,90,90,90
"S2","Dense vMF free kappa",50,50,0,0,"ok",0.880407830049743,0.833057729587336,0.95372,4,247776.753272369,0.811600000000053,NA,NA,NA,NA,NA,NA,NA,NA,0.000425514279248051,5.32791406120804,0.709190589454165,47.0195786923334,90,90,90
"S2","Sparse k-means",50,50,0,0,"ok",0.814557145947387,0.772437696377082,0.91528,4,NA,28.2878,132.78,2.56,15.02,115.2,0.93875,0.64,0.4112,0.41333939768467,NA,NA,NA,NA,90,90,90
"S2","dbmovMFs",50,0,0,50,"not_available: dbmovMFs package not installed",NA,NA,NA,NA,NA,NA,NA,NA,NA,NA,NA,NA,NA,NA,NA,NA,NA,NA,90,90,90
"S3","Spherical k-means",50,50,0,0,"ok",0.492414142014641,0.497898708838132,0.71286,4,NA,0.148200000000024,NA,NA,NA,NA,NA,NA,NA,NA,NA,NA,NA,NA,66.0214738508107,42.0745679250278,86.0631780897622
"S3","Dense vMF free kappa",50,50,0,0,"ok",0.539290646957737,0.552359086057919,0.73152,4,248296.477170991,3.86819999999998,NA,NA,NA,NA,NA,NA,NA,NA,0.0013070653365596,103.014152025444,2.2905873190454,49.5254286386879,66.0214738508107,42.0745679250278,86.0631780897622
"S3","Sparse k-means",50,50,0,0,"ok",0.487723628502744,0.504668687448795,0.70186,4,NA,28.4862,162.48,3.26,15.92,143.3,0.995,0.796521739130435,0.128597135860643,0.204747143574317,NA,NA,NA,NA,66.0214738508107,42.0745679250278,86.0631780897622
"S3","dbmovMFs",50,0,0,50,"not_available: dbmovMFs package not installed",NA,NA,NA,NA,NA,NA,NA,NA,NA,NA,NA,NA,NA,NA,NA,NA,NA,NA,66.0214738508107,42.0745679250278,86.0631780897622
"S4","Spherical k-means",50,50,0,0,"ok",0.508440447163192,0.4609364830646,0.78342,4,NA,0.280000000000091,NA,NA,NA,NA,NA,NA,NA,NA,NA,NA,NA,NA,60,60,60
"S4","Dense vMF free kappa",50,50,0,0,"ok",0.560932395698279,0.508440764574637,0.8116,4,248064.472386347,2.1379999999999,NA,NA,NA,NA,NA,NA,NA,NA,0.00055986834108799,8.95753040904473,1.02055202022743,47.6007886060482,60,60,60
"S4","Sparse k-means",50,50,0,0,"ok",0.12927296867109,0.139225089952516,0.46966,4,NA,26.7658,73.1,1.26,12.12,59.72,0.7575,0.331413043478261,0.436933678891556,0.366963023174027,NA,NA,NA,NA,60,60,60
"S4","dbmovMFs",50,0,0,50,"not_available: dbmovMFs package not installed",NA,NA,NA,NA,NA,NA,NA,NA,NA,NA,NA,NA,NA,NA,NA,NA,NA,NA,60,60,60
"S5","Spherical k-means",50,50,0,0,"ok",0.0148865122105945,0.0192276843772788,0.32396,4,NA,0.168999999999996,NA,NA,NA,NA,NA,NA,NA,NA,NA,NA,NA,NA,29.4687235985672,19.3371188784566,38.490857350062
"S5","Dense vMF free kappa",50,50,0,0,"ok",0.0289967484562725,0.0359925354282948,0.34798,4,248859.613159618,5.46140000000001,NA,NA,NA,NA,NA,NA,NA,NA,0.00176162893943892,87.6067947716468,4.21491169566143,52.6132401677204,29.4687235985672,19.3371188784566,38.490857350062
"S5","Sparse k-means",50,50,0,0,"ok",0.0233636242776731,0.0306181633968732,0.33686,4,NA,28.1964,99.4,2.02,9.9,87.48,0.61875,0.486413043478261,0.256144099579352,0.172696442262743,NA,NA,NA,NA,29.4687235985672,19.3371188784566,38.490857350062
"S5","dbmovMFs",50,0,0,50,"not_available: dbmovMFs package not installed",NA,NA,NA,NA,NA,NA,NA,NA,NA,NA,NA,NA,NA,NA,NA,NA,NA,NA,29.4687235985672,19.3371188784566,38.490857350062
"S6","Spherical k-means",50,50,0,0,"ok",0.00904028100049014,0.0130734866851698,0.31118,4,NA,0.173800000000047,NA,NA,NA,NA,NA,NA,NA,NA,NA,NA,NA,NA,30,30,30
"S6","Dense vMF free kappa",50,50,0,0,"ok",0.0107766991560033,0.017953622583844,0.31738,4,248853.301527624,5.4848,NA,NA,NA,NA,NA,NA,NA,NA,0.00194821748288621,98.5639326582775,4.67860993987741,53.0241569423741,30,30,30
"S6","Sparse k-means",50,50,0,0,"ok",0.0103377660709713,0.0157194077898914,0.31198,4,NA,27.9034,105.3,1.94,9.64,93.72,0.6025,0.519891304347826,0.168231682625048,0.142323730908064,NA,NA,NA,NA,30,30,30
"S6","dbmovMFs",50,0,0,50,"not_available: dbmovMFs package not installed",NA,NA,NA,NA,NA,NA,NA,NA,NA,NA,NA,NA,NA,NA,NA,NA,NA,NA,30,30,30
