"method","K_fit","beta","lambda_mu","lambda_kappa","lambda_eta","ARI","loglik","pen_loglik","converged","iter","true_union_q","selected_q","TPR","FPR","Precision","F1","entry_TPR","entry_FPR","entry_Precision","entry_F1","MSE_mu","MSE_kappa","MSE_centered_eta","kappa_hat_mean","df","BIC","EBIC","common_selection_rate","specific_selection_rate","noise_selection_rate","scenario","rep","n","d","K_true","common_q","specific_q_per_component","specific_weight","true_entry_q","mu_pairwise_cos_mean","kappa_true_min","kappa_true_max","kappa_true_ratio"
"Rossi path BIC",4,37.8656097468706,NA,NA,NA,0.691264321803489,97573.9142301523,97044.7671618486,TRUE,2,22,97,1,0.961538461538462,0.22680412371134,0.369747899159664,1,0.575,0.161943319838057,0.278745644599303,0.000119314713077764,1.28075072201483,0.268644636534305,58.5017067014257,250,-193420.889640559,-192269.597094062,1,1,0.961538461538462,"specific_effect_common6_specific4",1,1000,100,4,6,4,0.5,40,0.857142857142857,30,90,3
"Rossi path BIC + refit",4,37.8656097468706,NA,NA,NA,0.657450441874697,97619.3376424545,NA,TRUE,12,22,97,1,0.961538461538462,0.22680412371134,0.369747899159664,NA,NA,NA,NA,0.000317870694956329,1.77395168588832,0.601623290635327,58.7036157220465,391,-192537.742970827,-190737.121428106,1,1,0.961538461538462,"specific_effect_common6_specific4",1,1000,100,4,6,4,0.5,40,0.857142857142857,30,90,3
"Separate 2D path/grid BIC",4,NA,74.6445642470132,3.46510737618907,NA,0.675818833383187,97478.8926981754,95779.8974448808,TRUE,2,22,77,1,0.705128205128205,0.285714285714286,0.444444444444444,1,0.283333333333333,0.28169014084507,0.43956043956044,9.21764208994503e-05,13.0691487818718,0.170742705884962,53.9044198408825,145,-193956.160880898,-193288.41120393,1,1,0.705128205128205,"specific_effect_common6_specific4",1,1000,100,4,6,4,0.5,40,0.857142857142857,30,90,3
"Separate 2D path/grid BIC + refit",4,NA,74.6445642470132,3.46510737618907,NA,0.663230039389827,97596.8261850645,NA,TRUE,17,22,77,1,0.705128205128205,0.285714285714286,0.444444444444444,NA,NA,NA,NA,0.00027763607116311,1.21485299748276,0.536494024506066,58.4659036166693,311,-193045.340478366,-191613.132550523,1,1,0.705128205128205,"specific_effect_common6_specific4",1,1000,100,4,6,4,0.5,40,0.857142857142857,30,90,3
"Eta centered path BIC",4,NA,NA,NA,1.89189118854707,0.619176961619867,97382.3922686176,96994.128942436,TRUE,30,22,25,1,0.0384615384615385,0.88,0.936170212765957,NA,NA,NA,NA,0.000308302781670298,14.4842348017462,0.468024415037424,58.6183184407281,178,-193535.204097576,-192715.48380447,1,1,0.0384615384615385,"specific_effect_common6_specific4",1,1000,100,4,6,4,0.5,40,0.857142857142857,30,90,3
"Eta centered path BIC + refit",4,NA,NA,NA,1.89189118854707,0.690631446484044,97467.2421897098,NA,TRUE,28,22,25,1,0.0384615384615385,0.88,0.936170212765957,NA,NA,NA,NA,9.6828333560579e-05,0.359793226987566,0.180912585273141,58.0622413576249,103,-194222.985585684,-193748.653056528,1,1,0.0384615384615385,"specific_effect_common6_specific4",1,1000,100,4,6,4,0.5,40,0.857142857142857,30,90,3
"Rossi path BIC",4,10.5826127001648,NA,NA,NA,0.683463420568454,97559.8551777652,97393.3663549574,TRUE,2,22,100,1,1,0.22,0.360655737704918,1,0.830555555555556,0.117994100294985,0.211081794195251,0.000257766340322046,0.863496823403286,0.461620024831709,57.7135006525346,342,-192757.258050118,-191182.289846511,1,1,1,"specific_effect_common6_specific4",2,1000,100,4,6,4,0.5,40,0.857142857142857,30,90,3
"Rossi path BIC + refit",4,10.5826127001648,NA,NA,NA,0.659627220431396,97565.8537338386,NA,TRUE,19,22,100,1,1,0.22,0.360655737704918,NA,NA,NA,NA,0.000383780570036147,1.05661059716569,0.617898711632834,57.4736008625545,403,-192347.882090247,-190491.998505294,1,1,1,"specific_effect_common6_specific4",2,1000,100,4,6,4,0.5,40,0.857142857142857,30,90,3
"Separate 2D path/grid BIC",4,NA,54.562047282138,2.7352106332319,NA,0.687189410065685,97462.936131407,96158.1218720682,TRUE,2,22,90,1,0.871794871794872,0.244444444444444,0.392857142857143,1,0.358333333333333,0.236686390532544,0.382775119617225,6.93907458365009e-05,12.224281871614,0.159268398537791,54.067724106402,172,-193737.738354829,-192945.649082839,1,1,0.871794871794872,"specific_effect_common6_specific4",2,1000,100,4,6,4,0.5,40,0.857142857142857,30,90,3
"Separate 2D path/grid BIC + refit",4,NA,54.562047282138,2.7352106332319,NA,0.669728318552073,97557.4007331864,NA,TRUE,11,22,90,1,0.871794871794872,0.244444444444444,0.392857142857143,NA,NA,NA,NA,0.000351597125928814,1.30741236902922,0.573251961749198,57.3398166836262,363,-192607.286300102,-190935.609522589,1,1,0.871794871794872,"specific_effect_common6_specific4",2,1000,100,4,6,4,0.5,40,0.857142857142857,30,90,3
"Eta centered path BIC",4,NA,NA,NA,1.97907014506174,0.638604308054281,97311.8669828806,96912.862567821,TRUE,16,22,22,1,0,1,1,NA,NA,NA,NA,0.000317767867712072,6.85828447381389,0.42872885792031,57.4899721393047,169,-193456.323323613,-192678.049562181,1,1,0,"specific_effect_common6_specific4",2,1000,100,4,6,4,0.5,40,0.857142857142857,30,90,3
"Eta centered path BIC + refit",4,NA,NA,NA,1.97907014506174,0.682458728766201,97404.6262868416,NA,TRUE,28,22,22,1,0,1,1,NA,NA,NA,NA,6.84585386752176e-05,2.00318703452716,0.106609479354038,56.7671276224258,91,-194180.646843296,-193761.576356371,1,1,0,"specific_effect_common6_specific4",2,1000,100,4,6,4,0.5,40,0.857142857142857,30,90,3
"Rossi path BIC",4,30.6711868453677,NA,NA,NA,0.692064798804807,97648.4991544825,97209.9963006905,TRUE,2,22,99,1,0.987179487179487,0.222222222222222,0.363636363636364,1,0.661111111111111,0.143884892086331,0.251572327044025,0.000147129965037506,2.0402540429722,0.306152229974532,58.5058894812503,281,-193355.919075571,-192061.866253308,1,1,0.987179487179487,"specific_effect_common6_specific4",3,1000,100,4,6,4,0.5,40,0.857142857142857,30,90,3
"Rossi path BIC + refit",4,30.6711868453677,NA,NA,NA,0.66163742445427,97685.6579546612,NA,TRUE,12,22,99,1,0.987179487179487,0.222222222222222,0.363636363636364,NA,NA,NA,NA,0.000351555761110664,2.07421679625838,0.632652233914767,58.5213400573555,399,-192615.121553009,-190777.658648799,1,1,0.987179487179487,"specific_effect_common6_specific4",3,1000,100,4,6,4,0.5,40,0.857142857142857,30,90,3
"Separate 2D path/grid BIC",4,NA,40.5923194739222,0,NA,0.695453326816167,97629.0445653879,97071.1010607243,TRUE,2,22,98,1,0.974358974358974,0.224489795918367,0.366666666666667,1,0.536111111111111,0.171673819742489,0.293040293040293,0.000115705293624255,1.87237624057845,0.249212628232842,58.4195111948175,236,-193627.858884936,-192541.038721043,1,1,0.974358974358974,"specific_effect_common6_specific4",3,1000,100,4,6,4,0.5,40,0.857142857142857,30,90,3
"Separate 2D path/grid BIC + refit",4,NA,40.5923194739222,0,NA,0.665384602540922,97685.5394454683,NA,TRUE,13,22,98,1,0.974358974358974,0.224489795918367,0.366666666666667,NA,NA,NA,NA,0.00035278708494517,2.05419147127834,0.632967274118547,58.5046397248985,395,-192642.515555739,-190823.473332273,1,1,0.974358974358974,"specific_effect_common6_specific4",3,1000,100,4,6,4,0.5,40,0.857142857142857,30,90,3
"Eta centered path BIC",4,NA,NA,NA,1.61328505421248,0.606529638708652,97489.7457175372,97148.0112282757,TRUE,13,22,29,1,0.0897435897435897,0.758620689655172,0.862745098039216,NA,NA,NA,NA,0.000306191728066926,19.8597625203891,0.480849298652634,59.3277583839163,190,-193667.017932068,-192792.03559673,1,1,0.0897435897435897,"specific_effect_common6_specific4",3,1000,100,4,6,4,0.5,40,0.857142857142857,30,90,3
"Eta centered path BIC + refit",4,NA,NA,NA,1.61328505421248,0.67675027551096,97555.0555032689,NA,TRUE,26,22,29,1,0.0897435897435897,0.758620689655172,0.862745098039216,NA,NA,NA,NA,0.000129800131826946,2.31711857295786,0.262674281506145,58.596287959269,119,-194288.088128339,-193740.072876206,1,1,0.0897435897435897,"specific_effect_common6_specific4",3,1000,100,4,6,4,0.5,40,0.857142857142857,30,90,3
"Rossi path BIC",4,24.5000156395254,NA,NA,NA,0.672173346413151,97614.9489910934,97256.1199085801,TRUE,2,22,99,1,0.987179487179487,0.222222222222222,0.363636363636364,1,0.702777777777778,0.136518771331058,0.24024024024024,0.000155903684386804,1.60611113868392,0.299666550194942,58.3551487401986,296,-193185.202419608,-191822.072044556,1,1,0.987179487179487,"specific_effect_common6_specific4",4,1000,100,4,6,4,0.5,40,0.857142857142857,30,90,3
"Rossi path BIC + refit",4,24.5000156395254,NA,NA,NA,0.635024232298887,97640.8681343609,NA,TRUE,29,22,99,1,0.987179487179487,0.222222222222222,0.363636363636364,NA,NA,NA,NA,0.000379003432926944,1.05023378789035,0.587885760470027,57.8779423899759,399,-192525.541912408,-190688.079008199,1,1,0.987179487179487,"specific_effect_common6_specific4",4,1000,100,4,6,4,0.5,40,0.857142857142857,30,90,3
"Separate 2D path/grid BIC",4,NA,54.2034776749272,0,NA,0.669508158272613,97562.2111481108,96844.9014935651,TRUE,2,22,97,1,0.961538461538462,0.22680412371134,0.369747899159664,1,0.413888888888889,0.211640211640212,0.349344978165939,7.36214529642098e-05,1.73194594670465,0.161931481553962,58.2186218232026,192,-193798.133282657,-192913.940606947,1,1,0.961538461538462,"specific_effect_common6_specific4",4,1000,100,4,6,4,0.5,40,0.857142857142857,30,90,3
"Separate 2D path/grid BIC + refit",4,NA,54.2034776749272,0,NA,0.642088472841935,97639.1674917995,NA,TRUE,30,22,97,1,0.961538461538462,0.22680412371134,0.369747899159664,NA,NA,NA,NA,0.000376119526569925,1.07460295630489,0.584289613061897,57.8482368822816,391,-192577.402669517,-190776.781126796,1,1,0.961538461538462,"specific_effect_common6_specific4",4,1000,100,4,6,4,0.5,40,0.857142857142857,30,90,3
"Eta centered path BIC",4,NA,NA,NA,1.65707456565509,0.613970322158029,97427.6506860697,97085.1839313285,TRUE,23,22,22,1,0,1,1,NA,NA,NA,NA,0.000252352187235908,10.9664155553775,0.360756261323267,58.2821592782225,169,-193687.890729991,-192909.616968559,1,1,0,"specific_effect_common6_specific4",4,1000,100,4,6,4,0.5,40,0.857142857142857,30,90,3
"Eta centered path BIC + refit",4,NA,NA,NA,1.65707456565509,0.664969706747154,97469.7154710098,NA,TRUE,25,22,22,1,0,1,1,NA,NA,NA,NA,3.71922709085928e-05,1.02560666563904,0.0900655377741132,57.5103448931655,91,-194310.825211632,-193891.754724707,1,1,0,"specific_effect_common6_specific4",4,1000,100,4,6,4,0.5,40,0.857142857142857,30,90,3
"Rossi path BIC",4,41.7833455399438,NA,NA,NA,0.745991553353341,97764.507791447,97181.3694805329,TRUE,2,22,98,1,0.974358974358974,0.224489795918367,0.366666666666667,1,0.569444444444444,0.163265306122449,0.280701754385965,0.000107978566212012,1.3870616787098,0.225504677447379,58.3611232154815,248,-193815.892273707,-192673.810067581,1,1,0.974358974358974,"specific_effect_common6_specific4",5,1000,100,4,6,4,0.5,40,0.857142857142857,30,90,3
"Rossi path BIC + refit",4,41.7833455399438,NA,NA,NA,0.721432708137023,97823.4564764536,NA,TRUE,16,22,98,1,0.974358974358974,0.224489795918367,0.366666666666667,NA,NA,NA,NA,0.000346769041106723,1.30556031541458,0.576209048110674,58.3072820495986,395,-192918.349617709,-191099.307394244,1,1,0.974358974358974,"specific_effect_common6_specific4",5,1000,100,4,6,4,0.5,40,0.857142857142857,30,90,3
"Separate 2D path/grid BIC",4,NA,72.9669900688241,0,NA,0.75365159209965,97699.8661642903,96766.3605420951,TRUE,2,22,87,1,0.833333333333333,0.252873563218391,0.403669724770642,1,0.338888888888889,0.246913580246914,0.396039603960396,5.69812670262253e-05,1.07352506285372,0.127469629442735,58.0450094849364,165,-194259.952707549,-193500.099626861,1,1,0.833333333333333,"specific_effect_common6_specific4",5,1000,100,4,6,4,0.5,40,0.857142857142857,30,90,3
"Separate 2D path/grid BIC + refit",4,NA,72.9669900688241,0,NA,0.721704820283351,97810.864123979,NA,TRUE,13,22,87,1,0.833333333333333,0.252873563218391,0.403669724770642,NA,NA,NA,NA,0.000311905055554372,1.09633127467622,0.526197028749701,58.2482913427734,351,-193197.106145035,-191580.691409753,1,1,0.833333333333333,"specific_effect_common6_specific4",5,1000,100,4,6,4,0.5,40,0.857142857142857,30,90,3
"Eta centered path BIC",4,NA,NA,NA,1.68858937631169,0.711156372193572,97613.9152278533,97256.4529152431,TRUE,18,22,24,1,0.0256410256410256,0.916666666666667,0.956521739130435,NA,NA,NA,NA,0.00023519686474041,8.10408018145438,0.301350191930896,57.5429295104062,175,-194018.973281885,-193213.068499337,1,1,0.0256410256410256,"specific_effect_common6_specific4",5,1000,100,4,6,4,0.5,40,0.857142857142857,30,90,3
"Eta centered path BIC + refit",4,NA,NA,NA,1.68858937631169,0.743149284870711,97655.1590190511,NA,TRUE,21,22,24,1,0.0256410256410256,0.916666666666667,0.956521739130435,NA,NA,NA,NA,9.83354521157508e-05,0.455109961711619,0.141442368532631,57.5821484963733,99,-194626.450265483,-194170.53841707,1,1,0.0256410256410256,"specific_effect_common6_specific4",5,1000,100,4,6,4,0.5,40,0.857142857142857,30,90,3
"Rossi path BIC",4,23.0915215119652,NA,NA,NA,0.670478425383856,97570.004240729,97232.6942728673,TRUE,2,22,100,1,1,0.22,0.360655737704918,1,0.722222222222222,0.133333333333333,0.235294117647059,0.000168629388555124,1.0209550248666,0.314831982717006,57.7895377389143,303,-193046.958631927,-191651.592065572,1,1,1,"specific_effect_common6_specific4",6,1000,100,4,6,4,0.5,40,0.857142857142857,30,90,3
"Rossi path BIC + refit",4,23.0915215119652,NA,NA,NA,0.651422255390724,97592.4523936027,NA,TRUE,10,22,100,1,1,0.22,0.360655737704918,NA,NA,NA,NA,0.00033803913953129,1.32416357172606,0.559657794140813,57.745206523416,403,-192401.079409776,-190545.195824822,1,1,1,"specific_effect_common6_specific4",6,1000,100,4,6,4,0.5,40,0.857142857142857,30,90,3
"Separate 2D path/grid BIC",4,NA,49.3821359149393,3.22490207447547,NA,0.689256470257664,97490.8535692683,96153.9824569734,TRUE,2,22,92,1,0.897435897435897,0.239130434782609,0.385964912280702,1,0.394444444444444,0.21978021978022,0.36036036036036,7.52183608564154e-05,16.0221792256083,0.16161834981308,53.5248163606979,185,-193703.772411925,-192851.815927517,1,1,0.897435897435897,"specific_effect_common6_specific4",6,1000,100,4,6,4,0.5,40,0.857142857142857,30,90,3
"Separate 2D path/grid BIC + refit",4,NA,49.3821359149393,3.22490207447547,NA,0.649808829420127,97587.1919363106,NA,TRUE,14,22,92,1,0.897435897435897,0.239130434782609,0.385964912280702,NA,NA,NA,NA,0.000336760765045561,1.38029584218532,0.554360705335811,57.6083263616378,371,-192611.606664119,-190903.088525117,1,1,0.897435897435897,"specific_effect_common6_specific4",6,1000,100,4,6,4,0.5,40,0.857142857142857,30,90,3
"Eta centered path BIC",4,NA,NA,NA,1.53432722053841,0.654781085934166,97418.9092155353,97091.0309292385,TRUE,23,22,23,1,0.0128205128205128,0.956521739130435,0.977777777777778,NA,NA,NA,NA,0.000252628567270397,6.02032493528106,0.31055177921994,57.4024692872153,172,-193649.684523086,-192857.595251096,1,1,0.0128205128205128,"specific_effect_common6_specific4",6,1000,100,4,6,4,0.5,40,0.857142857142857,30,90,3
"Eta centered path BIC + refit",4,NA,NA,NA,1.53432722053841,0.670934891197753,97451.3441260838,NA,TRUE,21,22,23,1,0.0128205128205128,0.956521739130435,0.977777777777778,NA,NA,NA,NA,7.08257201341667e-05,0.804389299875627,0.134531474922469,57.3075375777103,95,-194246.451500664,-193808.960332995,1,1,0.0128205128205128,"specific_effect_common6_specific4",6,1000,100,4,6,4,0.5,40,0.857142857142857,30,90,3
"Rossi path BIC",4,33.9516769730979,NA,NA,NA,0.699028358565019,97871.01174532,97394.2149219931,TRUE,2,22,98,1,0.974358974358974,0.224489795918367,0.366666666666667,1,0.619444444444444,0.152091254752852,0.264026402640264,0.000112305288167447,3.9296969004101,0.248600679350015,59.0226567790466,266,-193904.560586431,-192679.585316958,1,1,0.974358974358974,"specific_effect_common6_specific4",7,1000,100,4,6,4,0.5,40,0.857142857142857,30,90,3
"Rossi path BIC + refit",4,33.9516769730979,NA,NA,NA,0.669131693659527,97910.9768166344,NA,TRUE,9,22,98,1,0.974358974358974,0.224489795918367,0.366666666666667,NA,NA,NA,NA,0.000289472749053985,4.23326356792281,0.519423046865327,59.1914278866438,395,-193093.390298071,-191274.348074606,1,1,0.974358974358974,"specific_effect_common6_specific4",7,1000,100,4,6,4,0.5,40,0.857142857142857,30,90,3
"Separate 2D path/grid BIC",4,NA,65.5984647730476,3.32980523871506,NA,0.686886761763037,97787.0513140155,96222.0450677612,TRUE,2,22,85,1,0.807692307692308,0.258823529411765,0.411214953271028,1,0.305555555555556,0.266666666666667,0.421052631578947,7.59496148646966e-05,12.1402750306245,0.158885989070822,54.1598509008633,153,-194517.216070347,-193812.62503189,1,1,0.807692307692308,"specific_effect_common6_specific4",7,1000,100,4,6,4,0.5,40,0.857142857142857,30,90,3
"Separate 2D path/grid BIC + refit",4,NA,65.5984647730476,3.32980523871506,NA,0.671552387811273,97899.7242920135,NA,TRUE,21,22,85,1,0.807692307692308,0.258823529411765,0.411214953271028,NA,NA,NA,NA,0.00027497641003949,3.4093587013097,0.488549086696681,58.895631901705,343,-193430.088523336,-191850.515149542,1,1,0.807692307692308,"specific_effect_common6_specific4",7,1000,100,4,6,4,0.5,40,0.857142857142857,30,90,3
"Eta centered path BIC",4,NA,NA,NA,1.80874578257878,0.619694981785088,97699.6800732357,97328.3658470041,TRUE,26,22,23,1,0.0128205128205128,0.956521739130435,0.977777777777778,NA,NA,NA,NA,0.000323007162492169,20.4245151960292,0.429568996710881,59.5693863421828,172,-194211.226238487,-193419.136966497,1,1,0.0128205128205128,"specific_effect_common6_specific4",7,1000,100,4,6,4,0.5,40,0.857142857142857,30,90,3
"Eta centered path BIC + refit",4,NA,NA,NA,1.80874578257878,0.678818910159481,97754.6805840048,NA,TRUE,26,22,23,1,0.0128205128205128,0.956521739130435,0.977777777777778,NA,NA,NA,NA,5.94304975791593e-05,3.30737466997276,0.114932225150723,58.8275149259332,95,-194853.124416506,-194415.633248837,1,1,0.0128205128205128,"specific_effect_common6_specific4",7,1000,100,4,6,4,0.5,40,0.857142857142857,30,90,3
"Rossi path BIC",4,35.7150733536646,NA,NA,NA,0.666237623351586,97255.857205482,96751.8010100213,TRUE,2,22,96,1,0.948717948717949,0.229166666666667,0.372881355932203,1,0.583333333333333,0.16,0.275862068965517,0.000112604258894954,3.41127908377764,0.265790663360332,58.909256049209,253,-192764.052325382,-191598.944268327,1,1,0.948717948717949,"specific_effect_common6_specific4",8,1000,100,4,6,4,0.5,40,0.857142857142857,30,90,3
"Rossi path BIC + refit",4,35.7150733536646,NA,NA,NA,0.628533621920635,97294.5409065617,NA,TRUE,13,22,96,1,0.948717948717949,0.229166666666667,0.372881355932203,NA,NA,NA,NA,0.000285526692006244,5.31075005121497,0.574593903381355,59.3882209637526,387,-191915.780520157,-190133.57965818,1,1,0.948717948717949,"specific_effect_common6_specific4",8,1000,100,4,6,4,0.5,40,0.857142857142857,30,90,3
"Separate 2D path/grid BIC",4,NA,63.3002237678359,4.2957464161885,NA,0.671989404501539,97151.6235177133,95423.1134516261,TRUE,2,22,88,1,0.846153846153846,0.25,0.4,1,0.327777777777778,0.253164556962025,0.404040404040404,7.15900982455203e-05,24.0316003383755,0.169423454326105,52.9111950227136,161,-193191.09843551,-192449.666035566,1,1,0.846153846153846,"specific_effect_common6_specific4",8,1000,100,4,6,4,0.5,40,0.857142857142857,30,90,3
"Separate 2D path/grid BIC + refit",4,NA,63.3002237678359,4.2957464161885,NA,0.634850583249542,97289.3265759121,NA,TRUE,25,22,88,1,0.846153846153846,0.25,0.4,NA,NA,NA,NA,0.000281282267005892,5.08889853024351,0.564314384411336,59.3624796993858,355,-192126.400027785,-190491.56461176,1,1,0.846153846153846,"specific_effect_common6_specific4",8,1000,100,4,6,4,0.5,40,0.857142857142857,30,90,3
"Eta centered path BIC",4,NA,NA,NA,1.61756295787474,0.589252247531284,97111.631500726,96756.380381809,TRUE,28,22,30,1,0.102564102564103,0.733333333333333,0.846153846153846,NA,NA,NA,NA,0.000274051767439139,17.5352266261749,0.394657472500413,59.3656497860364,193,-192890.066232609,-192001.268386713,1,1,0.102564102564103,"specific_effect_common6_specific4",8,1000,100,4,6,4,0.5,40,0.857142857142857,30,90,3
"Eta centered path BIC + refit",4,NA,NA,NA,1.61756295787474,0.661156887309654,97173.7568033941,NA,TRUE,22,22,30,1,0.102564102564103,0.733333333333333,0.846153846153846,NA,NA,NA,NA,0.000125574294346055,3.46565088818742,0.282552765303856,58.8532454298873,123,-193497.859707473,-192931.423774597,1,1,0.102564102564103,"specific_effect_common6_specific4",8,1000,100,4,6,4,0.5,40,0.857142857142857,30,90,3
"Rossi path BIC",4,18.5481585954044,NA,NA,NA,0.675520689647881,97285.6997800757,97004.0309401984,TRUE,2,22,100,1,1,0.22,0.360655737704918,1,0.772222222222222,0.125786163522013,0.223463687150838,0.000187948968844386,2.0231651031761,0.372756193063763,57.3206910058559,321,-192354.010115598,-190875.750485896,1,1,1,"specific_effect_common6_specific4",9,1000,100,4,6,4,0.5,40,0.857142857142857,30,90,3
"Rossi path BIC + refit",4,18.5481585954044,NA,NA,NA,0.633796961389463,97300.3424818001,NA,TRUE,18,22,100,1,1,0.22,0.360655737704918,NA,NA,NA,NA,0.000317583998368863,2.83217750386784,0.574561990207229,57.0790519103374,403,-191816.85958617,-189960.976001217,1,1,1,"specific_effect_common6_specific4",9,1000,100,4,6,4,0.5,40,0.857142857142857,30,90,3
"Separate 2D path/grid BIC",4,NA,89.4259408147255,3.62879013857881,NA,0.693017809237454,97127.5641553282,95253.6137854054,TRUE,2,22,73,1,0.653846153846154,0.301369863013699,0.463157894736842,1,0.211111111111111,0.344827586206897,0.512820512820513,4.3486387984313e-05,28.61856992167,0.167655404524355,52.5637361438024,119,-193433.105432458,-192885.090180325,1,1,0.653846153846154,"specific_effect_common6_specific4",9,1000,100,4,6,4,0.5,40,0.857142857142857,30,90,3
"Separate 2D path/grid BIC + refit",4,NA,89.4259408147255,3.62879013857881,NA,0.648991581652397,97269.1838525684,NA,TRUE,11,22,73,1,0.653846153846154,0.301369863013699,0.463157894736842,NA,NA,NA,NA,0.000253877855986308,2.3702406063469,0.470121196741411,56.8781311201596,295,-192500.579897837,-191142.054692971,1,1,0.653846153846154,"specific_effect_common6_specific4",9,1000,100,4,6,4,0.5,40,0.857142857142857,30,90,3
"Eta centered path BIC",4,NA,NA,NA,1.82289088026324,0.649480696929913,97081.7854404948,96713.2925963219,TRUE,11,22,24,1,0.0256410256410256,0.916666666666667,0.956521739130435,NA,NA,NA,NA,0.000266838277195369,14.816462325726,0.406759996219858,56.571728589126,175,-192954.713707168,-192148.80892462,1,1,0.0256410256410256,"specific_effect_common6_specific4",9,1000,100,4,6,4,0.5,40,0.857142857142857,30,90,3
"Eta centered path BIC + refit",4,NA,NA,NA,1.82289088026324,0.70852581602146,97137.703406725,NA,TRUE,21,22,24,1,0.0256410256410256,0.916666666666667,0.956521739130435,NA,NA,NA,NA,6.65954130374063e-05,2.82358599364947,0.137740447158643,56.6126854960599,99,-193591.539040831,-193135.627192418,1,1,0.0256410256410256,"specific_effect_common6_specific4",9,1000,100,4,6,4,0.5,40,0.857142857142857,30,90,3
"Rossi path BIC",4,37.7966047936867,NA,NA,NA,0.6870849361986,97118.27494193,96595.0554160681,TRUE,2,22,100,1,1,0.22,0.360655737704918,1,0.519444444444444,0.176211453744493,0.299625468164794,0.000100847152408397,3.50109961931337,0.242819452168682,58.0668294724014,230,-192647.766169694,-191588.577026917,1,1,1,"specific_effect_common6_specific4",10,1000,100,4,6,4,0.5,40,0.857142857142857,30,90,3
"Rossi path BIC + refit",4,37.7966047936867,NA,NA,NA,0.627062105934362,97162.8848528465,NA,TRUE,9,22,100,1,1,0.22,0.360655737704918,NA,NA,NA,NA,0.000313343808797521,3.37611579095401,0.543048060153474,58.0987262490287,403,-191541.944328263,-189686.06074331,1,1,1,"specific_effect_common6_specific4",10,1000,100,4,6,4,0.5,40,0.857142857142857,30,90,3
"Separate 2D path/grid BIC",4,NA,74.2856455192012,3.31914275205154,NA,0.682642928745068,97024.1208979707,95376.7277852702,TRUE,2,22,80,1,0.743589743589744,0.275,0.431372549019608,1,0.241666666666667,0.31496062992126,0.479041916167665,3.61793379168011e-05,19.4758879307124,0.144727339690464,53.4317597514635,130,-193150.233609674,-192551.561485495,1,1,0.743589743589744,"specific_effect_common6_specific4",10,1000,100,4,6,4,0.5,40,0.857142857142857,30,90,3
"Separate 2D path/grid BIC + refit",4,NA,74.2856455192012,3.31914275205154,NA,0.644134868290126,97147.2225862455,NA,TRUE,10,22,80,1,0.743589743589744,0.275,0.431372549019608,NA,NA,NA,NA,0.000292267353114283,3.27855948911901,0.499100030881029,57.8934466037828,323,-192063.24021738,-190575.770247306,1,1,0.743589743589744,"specific_effect_common6_specific4",10,1000,100,4,6,4,0.5,40,0.857142857142857,30,90,3
"Eta centered path BIC",4,NA,NA,NA,1.78708986250774,0.622908197334601,96957.5378340764,96584.4167683292,TRUE,20,22,25,1,0.0384615384615385,0.88,0.936170212765957,NA,NA,NA,NA,0.000221963150673497,12.6092387216751,0.363360182174536,57.6029523619616,178,-192685.495228494,-191865.774935388,1,1,0.0384615384615385,"specific_effect_common6_specific4",10,1000,100,4,6,4,0.5,40,0.857142857142857,30,90,3
"Eta centered path BIC + refit",4,NA,NA,NA,1.78708986250774,0.678990159786242,97024.5418155396,NA,TRUE,21,22,25,1,0.0384615384615385,0.88,0.936170212765957,NA,NA,NA,NA,8.3854454272188e-05,3.90458748200639,0.182803186494931,57.6632530879119,103,-193337.584837344,-192863.252308187,1,1,0.0384615384615385,"specific_effect_common6_specific4",10,1000,100,4,6,4,0.5,40,0.857142857142857,30,90,3
"Rossi path BIC",4,20.3770639555624,NA,NA,NA,0.693753600388027,97404.2562981413,97100.4323386523,TRUE,2,22,100,1,1,0.22,0.360655737704918,1,0.752777777777778,0.128617363344051,0.227920227920228,0.000172346999267603,1.45303343538506,0.355756489823709,58.470841519005,314,-192639.477438682,-191193.454000282,1,1,1,"specific_effect_common6_specific4",11,1000,100,4,6,4,0.5,40,0.857142857142857,30,90,3
"Rossi path BIC + refit",4,20.3770639555624,NA,NA,NA,0.661177512237847,97421.5500108285,NA,TRUE,20,22,100,1,1,0.22,0.360655737704918,NA,NA,NA,NA,0.000310193687356448,0.897657305166914,0.55050934102527,58.0786450524564,403,-192059.274644227,-190203.391059274,1,1,1,"specific_effect_common6_specific4",11,1000,100,4,6,4,0.5,40,0.857142857142857,30,90,3
"Separate 2D path/grid BIC",4,NA,39.8901184980577,3.31622659939097,NA,0.666632399872018,97343.4906995464,96076.9830900303,TRUE,2,22,96,1,0.948717948717949,0.229166666666667,0.372881355932203,1,0.516666666666667,0.176991150442478,0.300751879699248,0.000124451794100051,12.3320866800795,0.24993290483669,54.0092439515832,229,-193105.105440206,-192050.521467615,1,1,0.948717948717949,"specific_effect_common6_specific4",11,1000,100,4,6,4,0.5,40,0.857142857142857,30,90,3
"Separate 2D path/grid BIC + refit",4,NA,39.8901184980577,3.31622659939097,NA,0.653267308971834,97419.6518725784,NA,TRUE,12,22,96,1,0.948717948717949,0.229166666666667,0.372881355932203,NA,NA,NA,NA,0.000314975885964153,0.889284475630971,0.546285172119017,57.8866583123831,387,-192166.002452191,-190383.801590213,1,1,0.948717948717949,"specific_effect_common6_specific4",11,1000,100,4,6,4,0.5,40,0.857142857142857,30,90,3
"Eta centered path BIC",4,NA,NA,NA,1.70933664225365,0.655144954259141,97225.0570480316,96862.6986518478,TRUE,6,22,23,0.954545454545455,0.0256410256410256,0.91304347826087,0.933333333333333,NA,NA,NA,NA,0.000252455621888891,5.22705896877055,0.325814915071946,58.0558618394511,172,-193261.980188078,-192469.890916088,1,0.9375,0.0256410256410256,"specific_effect_common6_specific4",11,1000,100,4,6,4,0.5,40,0.857142857142857,30,90,3
"Eta centered path BIC + refit",4,NA,NA,NA,1.70933664225365,0.687366844431307,97231.5283114033,NA,TRUE,18,22,23,0.954545454545455,0.0256410256410256,0.91304347826087,0.933333333333333,NA,NA,NA,NA,0.000157657928413974,0.928735762330356,0.207043318350149,58.0579248422933,95,-193806.819871303,-193369.328703634,1,0.9375,0.0256410256410256,"specific_effect_common6_specific4",11,1000,100,4,6,4,0.5,40,0.857142857142857,30,90,3
"Rossi path BIC",4,39.9262058702916,NA,NA,NA,0.678282547923534,97983.6168932262,97425.4391991956,TRUE,3,22,96,1,0.948717948717949,0.229166666666667,0.372881355932203,1,0.552777777777778,0.167364016736402,0.28673835125448,0.000123774592577615,4.88298957648363,0.283152194322768,59.4081099961589,242,-194295.557008939,-193181.10582393,1,1,0.948717948717949,"specific_effect_common6_specific4",12,1000,100,4,6,4,0.5,40,0.857142857142857,30,90,3
"Rossi path BIC + refit",4,39.9262058702916,NA,NA,NA,0.630343059677922,98036.3324139152,NA,TRUE,22,22,96,1,0.948717948717949,0.229166666666667,0.372881355932203,NA,NA,NA,NA,0.000353421483126434,8.7464440492886,0.711270529786005,60.3761490242778,387,-193399.363534864,-191617.162672887,1,1,0.948717948717949,"specific_effect_common6_specific4",12,1000,100,4,6,4,0.5,40,0.857142857142857,30,90,3
"Separate 2D path/grid BIC",4,NA,72.0010709653059,0,NA,0.690794095971785,97921.4884629754,96997.6542619198,TRUE,2,22,86,1,0.82051282051282,0.255813953488372,0.407407407407407,1,0.333333333333333,0.25,0.4,7.12556759648944e-05,3.72056363376895,0.16328621412155,58.8681325140826,163,-194717.012815477,-193966.370075161,1,1,0.82051282051282,"specific_effect_common6_specific4",12,1000,100,4,6,4,0.5,40,0.857142857142857,30,90,3
"Separate 2D path/grid BIC + refit",4,NA,72.0010709653059,0,NA,0.62797115291272,98023.883794097,NA,TRUE,28,22,86,1,0.82051282051282,0.255813953488372,0.407407407407407,NA,NA,NA,NA,0.000310717730931448,8.74570584741777,0.643842394243102,60.3418269508133,347,-193650.776506387,-192052.782451849,1,1,0.82051282051282,"specific_effect_common6_specific4",12,1000,100,4,6,4,0.5,40,0.857142857142857,30,90,3
"Eta centered path BIC",4,NA,NA,NA,1.83302253708617,0.620566143395296,97814.4407133557,97431.998847846,TRUE,21,22,26,1,0.0512820512820513,0.846153846153846,0.916666666666667,NA,NA,NA,NA,0.000340199565822638,9.75051042686583,0.401124575439399,59.2822342280015,181,-194378.577721216,-193545.041917552,1,1,0.0512820512820513,"specific_effect_common6_specific4",12,1000,100,4,6,4,0.5,40,0.857142857142857,30,90,3
"Eta centered path BIC + refit",4,NA,NA,NA,1.83302253708617,0.677247780001594,97877.7947048507,NA,TRUE,27,22,26,1,0.0512820512820513,0.846153846153846,0.916666666666667,NA,NA,NA,NA,0.000119344567061993,3.79222171125726,0.204763980010736,59.3265540013232,107,-195016.45959485,-194523.70638495,1,1,0.0512820512820513,"specific_effect_common6_specific4",12,1000,100,4,6,4,0.5,40,0.857142857142857,30,90,3
"Rossi path BIC",4,25.5456570957842,NA,NA,NA,0.66413841028021,97137.1396998051,96768.1878561006,TRUE,2,22,99,1,0.987179487179487,0.222222222222222,0.363636363636364,1,0.666666666666667,0.142857142857143,0.25,0.000166503470146401,0.862178673898787,0.346288753195483,58.3654689277061,283,-192319.384655658,-191016.121493024,1,1,0.987179487179487,"specific_effect_common6_specific4",13,1000,100,4,6,4,0.5,40,0.857142857142857,30,90,3
"Rossi path BIC + refit",4,25.5456570957842,NA,NA,NA,0.640149018862391,97163.0962041999,NA,TRUE,20,22,99,1,0.987179487179487,0.222222222222222,0.363636363636364,NA,NA,NA,NA,0.000336524011541128,1.11342487677861,0.617124304312391,58.4486762140843,399,-191569.998052086,-189732.535147877,1,1,0.987179487179487,"specific_effect_common6_specific4",13,1000,100,4,6,4,0.5,40,0.857142857142857,30,90,3
"Separate 2D path/grid BIC",4,NA,33.0174908320349,3.29585076593697,NA,0.627941456797636,97089.6171293201,95926.4098682704,TRUE,2,22,96,1,0.948717948717949,0.229166666666667,0.372881355932203,1,0.519444444444444,0.176211453744493,0.299625468164794,0.000150193123152533,16.5546405251472,0.283405324499845,53.6265963687991,230,-192590.450544474,-191531.261401697,1,1,0.948717948717949,"specific_effect_common6_specific4",13,1000,100,4,6,4,0.5,40,0.857142857142857,30,90,3
"Separate 2D path/grid BIC + refit",4,NA,33.0174908320349,3.29585076593697,NA,0.627542963528067,97162.1423997086,NA,TRUE,17,22,96,1,0.948717948717949,0.229166666666667,0.372881355932203,NA,NA,NA,NA,0.000354260636716385,1.00919004236568,0.62576292293491,58.2201859407728,387,-191650.983506451,-189868.782644474,1,1,0.948717948717949,"specific_effect_common6_specific4",13,1000,100,4,6,4,0.5,40,0.857142857142857,30,90,3
"Eta centered path BIC",4,NA,NA,NA,1.78432087147561,0.527618758381418,96923.0172843303,96572.1525149999,TRUE,34,22,24,0.954545454545455,0.0384615384615385,0.875,0.91304347826087,NA,NA,NA,NA,0.000378460046202163,23.317303069747,0.654536936575865,59.0895082531512,175,-192637.177394839,-191831.272612291,1,0.9375,0.0384615384615385,"specific_effect_common6_specific4",13,1000,100,4,6,4,0.5,40,0.857142857142857,30,90,3
"Eta centered path BIC + refit",4,NA,NA,NA,1.78432087147561,0.663276162552567,97007.2941464616,NA,TRUE,33,22,24,0.954545454545455,0.0384615384615385,0.875,0.91304347826087,NA,NA,NA,NA,0.00017606796715232,0.249454415321704,0.242022163492092,57.3749841968168,99,-193330.720520304,-192874.808671891,1,0.9375,0.0384615384615385,"specific_effect_common6_specific4",13,1000,100,4,6,4,0.5,40,0.857142857142857,30,90,3
"Rossi path BIC",4,22.7932149633287,NA,NA,NA,0.647484491974234,97569.4210696698,97235.5914428045,TRUE,2,22,100,1,1,0.22,0.360655737704918,1,0.683333333333333,0.13986013986014,0.245398773006135,0.000146504187861292,6.55384826291115,0.319854673234614,59.7729164431534,289,-193142.500863714,-191811.606679963,1,1,1,"specific_effect_common6_specific4",14,1000,100,4,6,4,0.5,40,0.857142857142857,30,90,3
"Rossi path BIC + refit",4,22.7932149633287,NA,NA,NA,0.633555269025291,97585.96884485,NA,TRUE,10,22,100,1,1,0.22,0.360655737704918,NA,NA,NA,NA,0.000254009784213081,6.78339723408875,0.506254029724613,59.8161773497279,403,-192388.11231227,-190532.228727317,1,1,1,"specific_effect_common6_specific4",14,1000,100,4,6,4,0.5,40,0.857142857142857,30,90,3
"Separate 2D path/grid BIC",4,NA,37.5779170261771,0,NA,0.664528673098621,97546.5413529965,97025.0636745016,TRUE,2,22,99,1,0.987179487179487,0.222222222222222,0.363636363636364,1,0.544444444444444,0.169491525423729,0.289855072463768,9.7843625628386e-05,5.38898326668478,0.227560397261737,59.5606638165827,239,-193442.129194316,-192341.493519865,1,1,0.987179487179487,"specific_effect_common6_specific4",14,1000,100,4,6,4,0.5,40,0.857142857142857,30,90,3
"Separate 2D path/grid BIC + refit",4,NA,37.5779170261771,0,NA,0.631331111420885,97585.6784843652,NA,TRUE,14,22,99,1,0.987179487179487,0.222222222222222,0.363636363636364,NA,NA,NA,NA,0.000252751290707713,6.57344529769193,0.502170650620397,59.7857648025065,399,-192415.162612417,-190577.699708207,1,1,0.987179487179487,"specific_effect_common6_specific4",14,1000,100,4,6,4,0.5,40,0.857142857142857,30,90,3
"Eta centered path BIC",4,NA,NA,NA,1.79326094054073,0.57182300815403,97380.6444892268,97011.9604277201,TRUE,23,22,24,1,0.0256410256410256,0.916666666666667,0.956521739130435,NA,NA,NA,NA,0.000260489988799609,19.3415794275063,0.403892139560287,59.1689627995477,175,-193552.431804632,-192746.527022084,1,1,0.0256410256410256,"specific_effect_common6_specific4",14,1000,100,4,6,4,0.5,40,0.857142857142857,30,90,3
"Eta centered path BIC + refit",4,NA,NA,NA,1.79326094054073,0.691626062686173,97442.7108846129,NA,TRUE,22,22,24,1,0.0256410256410256,0.916666666666667,0.956521739130435,NA,NA,NA,NA,5.46183076468554e-05,1.72676971635148,0.115574300259266,58.5485893462236,99,-194201.553996606,-193745.642148194,1,1,0.0256410256410256,"specific_effect_common6_specific4",14,1000,100,4,6,4,0.5,40,0.857142857142857,30,90,3
"Rossi path BIC",4,28.8775415214825,NA,NA,NA,0.683245813962541,97482.8172334822,97067.4723069698,TRUE,2,22,99,1,0.987179487179487,0.222222222222222,0.363636363636364,1,0.644444444444444,0.147058823529412,0.256410256410256,0.000149765329663601,2.76904333769114,0.314814930388574,58.3120733103803,275,-193066.001765244,-191799.579964098,1,1,0.987179487179487,"specific_effect_common6_specific4",15,1000,100,4,6,4,0.5,40,0.857142857142857,30,90,3
"Rossi path BIC + refit",4,28.8775415214825,NA,NA,NA,0.644938173824581,97514.6326978297,NA,TRUE,21,22,99,1,0.987179487179487,0.222222222222222,0.363636363636364,NA,NA,NA,NA,0.000346828161766322,3.42390991695429,0.612612899213793,58.1425776667717,399,-192273.071039346,-190435.608135136,1,1,0.987179487179487,"specific_effect_common6_specific4",15,1000,100,4,6,4,0.5,40,0.857142857142857,30,90,3
"Separate 2D path/grid BIC",4,NA,47.2115155891188,0,NA,0.689335776805485,97448.5040869569,96812.6764295807,TRUE,2,22,92,1,0.897435897435897,0.239130434782609,0.385964912280702,1,0.455555555555556,0.196078431372549,0.327868852459016,9.48911477170539e-05,2.53357192607568,0.220965042090034,58.1351556798672,207,-193467.102831165,-192513.832602665,1,1,0.897435897435897,"specific_effect_common6_specific4",15,1000,100,4,6,4,0.5,40,0.857142857142857,30,90,3
"Separate 2D path/grid BIC + refit",4,NA,47.2115155891188,0,NA,0.647784081319486,97509.9341894937,NA,TRUE,15,22,92,1,0.897435897435897,0.239130434782609,0.385964912280702,NA,NA,NA,NA,0.000327123309163708,3.09804017711527,0.58764155151271,58.228127178169,371,-192457.091170485,-190748.573031483,1,1,0.897435897435897,"specific_effect_common6_specific4",15,1000,100,4,6,4,0.5,40,0.857142857142857,30,90,3
"Eta centered path BIC",4,NA,NA,NA,1.6622924105228,0.618788436818324,97328.0048140573,96970.0410401244,TRUE,25,22,29,1,0.0897435897435897,0.758620689655172,0.862745098039216,NA,NA,NA,NA,0.000242373614274834,8.84572037851875,0.341265700487024,57.8555055857735,190,-193343.536125108,-192468.55378977,1,1,0.0897435897435897,"specific_effect_common6_specific4",15,1000,100,4,6,4,0.5,40,0.857142857142857,30,90,3
"Eta centered path BIC + refit",4,NA,NA,NA,1.6622924105228,0.68956443078997,97394.4347460496,NA,TRUE,27,22,29,1,0.0897435897435897,0.758620689655172,0.862745098039216,NA,NA,NA,NA,0.000125117872867663,2.82042826111833,0.261024864471168,57.8185310360061,119,-193966.8466139,-193418.831361768,1,1,0.0897435897435897,"specific_effect_common6_specific4",15,1000,100,4,6,4,0.5,40,0.857142857142857,30,90,3
"Rossi path BIC",4,31.1195699663291,NA,NA,NA,0.709352099360647,97380.4260616628,96940.7378314967,TRUE,2,22,100,1,1,0.22,0.360655737704918,1,0.65,0.145985401459854,0.254777070063694,0.000113526008745783,0.756157947419271,0.238749266491292,58.3124893391134,277,-192847.403911048,-191571.771769529,1,1,1,"specific_effect_common6_specific4",16,1000,100,4,6,4,0.5,40,0.857142857142857,30,90,3
"Rossi path BIC + refit",4,31.1195699663291,NA,NA,NA,0.659767301819737,97415.5894030846,NA,TRUE,20,22,100,1,1,0.22,0.360655737704918,NA,NA,NA,NA,0.000290569024237086,1.48656391621644,0.541758741418791,58.6956366354844,403,-192047.353428739,-190191.469843786,1,1,1,"specific_effect_common6_specific4",16,1000,100,4,6,4,0.5,40,0.857142857142857,30,90,3
"Separate 2D path/grid BIC",4,NA,49.0667801778471,0,NA,0.709869881335793,97348.2470867132,96695.0401800824,TRUE,2,22,99,1,0.987179487179487,0.222222222222222,0.363636363636364,1,0.480555555555556,0.187793427230047,0.316205533596838,7.6117715187126e-05,0.539405796397618,0.164822175492707,58.1033756169586,216,-193204.419033166,-192209.702272993,1,1,0.987179487179487,"specific_effect_common6_specific4",16,1000,100,4,6,4,0.5,40,0.857142857142857,30,90,3
"Separate 2D path/grid BIC + refit",4,NA,49.0667801778471,0,NA,0.659767301819737,97415.3249908926,NA,TRUE,21,22,99,1,0.987179487179487,0.222222222222222,0.363636363636364,NA,NA,NA,NA,0.000290173882343981,1.45981261858106,0.540816726439415,58.6873006340535,399,-192074.455625471,-190236.992721262,1,1,0.987179487179487,"specific_effect_common6_specific4",16,1000,100,4,6,4,0.5,40,0.857142857142857,30,90,3
"Eta centered path BIC",4,NA,NA,NA,1.9148569523789,0.630529760631863,97203.6353176805,96810.9691232698,TRUE,12,22,22,1,0,1,1,NA,NA,NA,NA,0.000282912078707467,8.7439605212096,0.36645530626232,57.4699463162819,169,-193239.859993213,-192461.586231781,1,1,0,"specific_effect_common6_specific4",16,1000,100,4,6,4,0.5,40,0.857142857142857,30,90,3
"Eta centered path BIC + refit",4,NA,NA,NA,1.9148569523789,0.687172157417684,97262.0226819997,NA,TRUE,17,22,22,1,0,1,1,NA,NA,NA,NA,6.77257267002705e-05,0.428892079934661,0.104393472838269,57.8666556729035,91,-193895.439633612,-193476.369146687,1,1,0,"specific_effect_common6_specific4",16,1000,100,4,6,4,0.5,40,0.857142857142857,30,90,3
"Rossi path BIC",4,24.0247716830402,NA,NA,NA,0.705313710955662,97635.008115903,97275.6644960881,TRUE,2,22,99,1,0.987179487179487,0.222222222222222,0.363636363636364,1,0.766666666666667,0.126582278481013,0.224719101123596,0.000177576629103781,2.55365415244906,0.359679014746934,58.8401350454734,319,-193066.442297811,-191597.39300848,1,1,0.987179487179487,"specific_effect_common6_specific4",17,1000,100,4,6,4,0.5,40,0.857142857142857,30,90,3
"Rossi path BIC + refit",4,24.0247716830402,NA,NA,NA,0.690687877722271,97657.9276258292,NA,TRUE,20,22,99,1,0.987179487179487,0.222222222222222,0.363636363636364,NA,NA,NA,NA,0.000357530513580032,1.27073026639923,0.592088785869846,58.4861511729111,399,-192559.660895344,-190722.197991135,1,1,0.987179487179487,"specific_effect_common6_specific4",17,1000,100,4,6,4,0.5,40,0.857142857142857,30,90,3
"Separate 2D path/grid BIC",4,NA,52.9631609339754,2.98833246654091,NA,0.709432201238251,97550.7328067431,96189.8301742528,TRUE,2,22,92,1,0.897435897435897,0.239130434782609,0.385964912280702,1,0.452777777777778,0.197044334975369,0.329218106995885,8.97043569095421e-05,8.61707069269557,0.192270003451782,54.8046091362523,206,-193678.468026016,-192729.802967702,1,1,0.897435897435897,"specific_effect_common6_specific4",17,1000,100,4,6,4,0.5,40,0.857142857142857,30,90,3
"Separate 2D path/grid BIC + refit",4,NA,52.9631609339754,2.98833246654091,NA,0.69588008963065,97654.0303495724,NA,TRUE,8,22,92,1,0.897435897435897,0.239130434782609,0.385964912280702,NA,NA,NA,NA,0.000349780485706481,1.1766399389208,0.581880888456446,58.4410829107225,371,-192745.283490642,-191036.765351641,1,1,0.897435897435897,"specific_effect_common6_specific4",17,1000,100,4,6,4,0.5,40,0.857142857142857,30,90,3
"Eta centered path BIC",4,NA,NA,NA,1.80340296712879,0.676378147440206,97444.1398516254,97065.8587402705,TRUE,20,22,25,1,0.0384615384615385,0.88,0.936170212765957,NA,NA,NA,NA,0.000229176407057135,10.4766812879447,0.348922870831661,58.0962060798607,178,-193658.699263592,-192838.978970486,1,1,0.0384615384615385,"specific_effect_common6_specific4",17,1000,100,4,6,4,0.5,40,0.857142857142857,30,90,3
"Eta centered path BIC + refit",4,NA,NA,NA,1.80340296712879,0.710124143133622,97502.1954874568,NA,TRUE,20,22,25,1,0.0384615384615385,0.88,0.936170212765957,NA,NA,NA,NA,0.000115780074467779,0.752527999533342,0.191917080581552,58.0748603069479,103,-194292.892181178,-193818.559652022,1,1,0.0384615384615385,"specific_effect_common6_specific4",17,1000,100,4,6,4,0.5,40,0.857142857142857,30,90,3
"Rossi path BIC",4,31.675210680777,NA,NA,NA,0.684882204842372,97247.9416881577,96799.1204603243,TRUE,2,22,99,1,0.987179487179487,0.222222222222222,0.363636363636364,1,0.644444444444444,0.147058823529412,0.256410256410256,0.000138021021062713,2.10093921783778,0.269236456567305,58.1476982265237,275,-192596.250674595,-191329.828873449,1,1,0.987179487179487,"specific_effect_common6_specific4",18,1000,100,4,6,4,0.5,40,0.857142857142857,30,90,3
"Rossi path BIC + refit",4,31.675210680777,NA,NA,NA,0.654709878337561,97283.9073089648,NA,TRUE,9,22,99,1,0.987179487179487,0.222222222222222,0.363636363636364,NA,NA,NA,NA,0.000302528797666297,2.53755938346568,0.555211173072442,58.4220302597951,399,-191811.620261616,-189974.157357406,1,1,0.987179487179487,"specific_effect_common6_specific4",18,1000,100,4,6,4,0.5,40,0.857142857142857,30,90,3
"Separate 2D path/grid BIC",4,NA,57.8064726560602,0,NA,0.702233395672142,97200.2613822145,96445.1998604906,TRUE,2,22,89,1,0.858974358974359,0.247191011235955,0.396396396396396,1,0.369444444444444,0.23121387283237,0.375586854460094,8.34371145251959e-05,1.49718229201833,0.162195188541045,57.710385622799,176,-193184.757835328,-192374.247882594,1,1,0.858974358974359,"specific_effect_common6_specific4",18,1000,100,4,6,4,0.5,40,0.857142857142857,30,90,3
"Separate 2D path/grid BIC + refit",4,NA,57.8064726560602,0,NA,0.655175420371747,97274.8489326133,NA,TRUE,9,22,89,1,0.858974358974359,0.247191011235955,0.396396396396396,NA,NA,NA,NA,0.000278211847350208,2.27545595852218,0.516661290585116,58.3703267085649,359,-192069.813720072,-190416.557623302,1,1,0.858974358974359,"specific_effect_common6_specific4",18,1000,100,4,6,4,0.5,40,0.857142857142857,30,90,3
"Eta centered path BIC",4,NA,NA,NA,1.78052173851857,0.610358326134389,97083.4017663667,96716.4131046953,TRUE,35,22,25,1,0.0384615384615385,0.88,0.936170212765957,NA,NA,NA,NA,0.000279107359434751,19.1501733276177,0.459150840992851,58.1729109524506,178,-192937.223093075,-192117.502799969,1,1,0.0384615384615385,"specific_effect_common6_specific4",18,1000,100,4,6,4,0.5,40,0.857142857142857,30,90,3
"Eta centered path BIC + refit",4,NA,NA,NA,1.78052173851857,0.68674744910275,97155.9323916557,NA,TRUE,20,22,25,1,0.0384615384615385,0.88,0.936170212765957,NA,NA,NA,NA,0.000121642142622627,2.57040059725252,0.220511565336655,57.84433626444,103,-193600.365989576,-193126.033460419,1,1,0.0384615384615385,"specific_effect_common6_specific4",18,1000,100,4,6,4,0.5,40,0.857142857142857,30,90,3
"Rossi path BIC",4,33.0124859389016,NA,NA,NA,0.699502001881371,97502.0843095235,97032.6240199057,TRUE,2,22,97,1,0.961538461538462,0.22680412371134,0.369747899159664,1,0.613888888888889,0.153256704980843,0.26578073089701,0.000151970503751214,1.12285555033016,0.268515830748995,57.950776515402,264,-193180.521225396,-191964.756296295,1,1,0.961538461538462,"specific_effect_common6_specific4",19,1000,100,4,6,4,0.5,40,0.857142857142857,30,90,3
"Rossi path BIC + refit",4,33.0124859389016,NA,NA,NA,0.68917546590222,97540.5143613662,NA,TRUE,9,22,97,1,0.961538461538462,0.22680412371134,0.369747899159664,NA,NA,NA,NA,0.000348630838354585,1.08570844293825,0.554705287426893,57.9332805500287,391,-192380.09640865,-190579.474865929,1,1,0.961538461538462,"specific_effect_common6_specific4",19,1000,100,4,6,4,0.5,40,0.857142857142857,30,90,3
"Separate 2D path/grid BIC",4,NA,68.7157582643716,0,NA,0.708852531423652,97434.8569999213,96553.4543290201,TRUE,2,22,80,1,0.743589743589744,0.275,0.431372549019608,1,0.311111111111111,0.263157894736842,0.416666666666667,7.67759752603259e-05,0.984966783191401,0.143614158864074,57.6819042862517,155,-193799.0119316,-193085.210552772,1,1,0.743589743589744,"specific_effect_common6_specific4",19,1000,100,4,6,4,0.5,40,0.857142857142857,30,90,3
"Separate 2D path/grid BIC + refit",4,NA,68.7157582643716,0,NA,0.697274595671434,97525.3016598492,NA,TRUE,10,22,80,1,0.743589743589744,0.275,0.431372549019608,NA,NA,NA,NA,0.000315857688334662,0.818500640897479,0.506175395920368,57.7778312824286,323,-192819.398364587,-191331.928394513,1,1,0.743589743589744,"specific_effect_common6_specific4",19,1000,100,4,6,4,0.5,40,0.857142857142857,30,90,3
"Eta centered path BIC",4,NA,NA,NA,1.95127436439906,0.681580854132899,97319.2876953737,96919.6399811933,TRUE,14,22,22,1,0,1,1,NA,NA,NA,NA,0.000263717346859719,10.2954520142652,0.389443584789566,56.9571838735658,169,-193471.164748599,-192692.890987168,1,1,0,"specific_effect_common6_specific4",19,1000,100,4,6,4,0.5,40,0.857142857142857,30,90,3
"Eta centered path BIC + refit",4,NA,NA,NA,1.95127436439906,0.721041744490669,97382.446884164,NA,TRUE,17,22,22,1,0,1,1,NA,NA,NA,NA,9.01841342539354e-05,0.736186786154309,0.127376548888898,57.3100584474395,91,-194136.288037941,-193717.217551016,1,1,0,"specific_effect_common6_specific4",19,1000,100,4,6,4,0.5,40,0.857142857142857,30,90,3
"Rossi path BIC",4,21.1414363439088,NA,NA,NA,0.646693862572758,97514.7016134569,97203.7908987329,TRUE,2,22,100,1,1,0.22,0.360655737704918,1,0.683333333333333,0.13986013986014,0.245398773006135,0.000162857750730141,1.34493497067435,0.359297164154919,58.4854517516413,289,-193033.061951288,-191702.167767537,1,1,1,"specific_effect_common6_specific4",20,1000,100,4,6,4,0.5,40,0.857142857142857,30,90,3
"Rossi path BIC + refit",4,21.1414363439088,NA,NA,NA,0.616810087302892,97531.6198046253,NA,TRUE,15,22,100,1,1,0.22,0.360655737704918,NA,NA,NA,NA,0.000301857861495331,1.69410506449923,0.598969808473395,58.5574474302776,403,-192279.414231821,-190423.530646867,1,1,1,"specific_effect_common6_specific4",20,1000,100,4,6,4,0.5,40,0.857142857142857,30,90,3
"Separate 2D path/grid BIC",4,NA,51.8290850162364,3.23947590460522,NA,0.604236841973809,97427.6431126882,96055.5000406939,TRUE,2,22,93,1,0.91025641025641,0.236559139784946,0.382608695652174,1,0.397222222222222,0.218579234972678,0.358744394618834,9.69427801488462e-05,15.101375492931,0.219438969632594,53.6318035277911,186,-193570.443743486,-192713.882088892,1,1,0.91025641025641,"specific_effect_common6_specific4",20,1000,100,4,6,4,0.5,40,0.857142857142857,30,90,3
"Separate 2D path/grid BIC + refit",4,NA,51.8290850162364,3.23947590460522,NA,0.626391124691405,97527.7839090591,NA,TRUE,32,22,93,1,0.91025641025641,0.236559139784946,0.382608695652174,NA,NA,NA,NA,0.000294291071275298,1.47343388543577,0.585764368133618,58.5087492921357,375,-192465.1595885,-190738.220768754,1,1,0.91025641025641,"specific_effect_common6_specific4",20,1000,100,4,6,4,0.5,40,0.857142857142857,30,90,3
"Eta centered path BIC",4,NA,NA,NA,1.70910982697946,0.551045070096939,97300.993669068,96961.7813048649,TRUE,9,22,24,1,0.0256410256410256,0.916666666666667,0.956521739130435,NA,NA,NA,NA,0.000417959984782139,33.5059187018046,0.670996248880325,60.1984379223429,175,-193393.130164314,-192587.225381766,1,1,0.0256410256410256,"specific_effect_common6_specific4",20,1000,100,4,6,4,0.5,40,0.857142857142857,30,90,3
"Eta centered path BIC + refit",4,NA,NA,NA,1.70910982697946,0.649343956274514,97394.5051071606,NA,TRUE,34,22,24,1,0.0256410256410256,0.916666666666667,0.956521739130435,NA,NA,NA,NA,9.44950917888148e-05,0.937264584413321,0.173860535590156,58.1688839330321,99,-194105.142441702,-193649.230593289,1,1,0.0256410256410256,"specific_effect_common6_specific4",20,1000,100,4,6,4,0.5,40,0.857142857142857,30,90,3
