"target_eB","n","kappa_pattern","method","reps","successful_reps","computational_failure_reps","zero_support_reps","selected_q_valid_n","selected_q_mean","selected_q_sd","selected_q_mcse","common_q_selected_valid_n","common_q_selected_mean","common_q_selected_sd","common_q_selected_mcse","decision_q_selected_valid_n","decision_q_selected_mean","decision_q_selected_sd","decision_q_selected_mcse","noise_q_selected_valid_n","noise_q_selected_mean","noise_q_selected_sd","noise_q_selected_mcse","TPR_valid_n","TPR_mean","TPR_sd","TPR_mcse","FPR_valid_n","FPR_mean","FPR_sd","FPR_mcse","Precision_valid_n","Precision_mean","Precision_sd","Precision_mcse","F1_all_valid_n","F1_all_mean","F1_all_sd","F1_all_mcse","ARI_all_valid_n","ARI_all_mean","ARI_all_sd","ARI_all_mcse","MSE_mu_valid_n","MSE_mu_mean","MSE_mu_sd","MSE_mu_mcse","MSE_kappa_valid_n","MSE_kappa_mean","MSE_kappa_sd","MSE_kappa_mcse","MSE_centered_eta_valid_n","MSE_centered_eta_mean","MSE_centered_eta_sd","MSE_centered_eta_mcse","loglik_valid_n","loglik_mean","loglik_sd","loglik_mcse","test_NLL_valid_n","test_NLL_mean","test_NLL_sd","test_NLL_mcse"
0.025,300,"equal","D-L",100,100,0,0,100,199.58,0.638495706858525,0.0638495706858525,100,4,0,0,100,16,0,0,100,179.58,0.638495706858525,0.0638495706858525,100,1,0,0,100,0.997717391304348,0.00347008536336161,0.000347008536336161,100,0.0801691696960937,0.000257691313652564,2.57691313652564e-05,100,0.14843806992583,0.000441563152256113,4.41563152256113e-05,100,0.887194788747665,0.0337988545447591,0.00337988545447591,100,0.0012428319171356,8.14411605924958e-05,8.14411605924958e-06,100,54.2395317372954,10.8312222803249,1.08312222803249,100,2.43752843019145,0.156850164210292,0.0156850164210292,100,74624.4252977807,48.0942109550657,4.80942109550657,0,NA,NA,NA
0.025,300,"equal","D-GL",100,100,0,0,100,40.32,19.5778064412361,1.95778064412361,100,4,0,0,100,16,0,0,100,20.32,19.5778064412361,1.95778064412361,100,1,0,0,100,0.132173913043478,0.10640112196324,0.010640112196324,100,0.488392977191537,0.212575240155653,0.0212575240155653,100,0.629602447276181,0.189908086008394,0.0189908086008394,100,0.925550622416623,0.0256412027040571,0.00256412027040571,100,0.000421097815219978,0.000231444883584707,2.31444883584707e-05,100,10.2247976526357,7.52095147386916,0.752095147386916,100,0.721008651375868,0.419262536623281,0.0419262536623281,100,74339.7728561057,85.3897539573407,8.53897539573407,0,NA,NA,NA
0.025,300,"equal","D-AGL",100,100,0,0,100,47.16,19.9670030831172,1.99670030831172,100,4,0,0,100,16,0,0,100,27.16,19.9670030831172,1.99670030831172,100,1,0,0,100,0.169347826086957,0.108516321103898,0.0108516321103898,100,0.415264544133311,0.200448677414306,0.0200448677414306,100,0.561170518122348,0.184273052579523,0.0184273052579523,100,0.919772586038151,0.0289654184893847,0.00289654184893847,100,0.000503769194770689,0.000232342469833891,2.32342469833891e-05,100,12.1489220475255,7.58165085088946,0.758165085088946,100,0.87250549742026,0.421972944472754,0.0421972944472754,100,74364.7533777753,79.6243953109087,7.96243953109087,0,NA,NA,NA
0.025,300,"equal","E-L",100,100,0,0,100,197.69,1.64957907088782,0.164957907088782,100,3.97,0.171446607997765,0.0171446607997765,100,16,0,0,100,177.72,1.65803827129862,0.165803827129862,100,1,0,0,100,0.987445652173913,0.00896510364612946,0.000896510364612946,100,0.0809404065233247,0.000679105134335172,6.79105134335172e-05,100,0.149758516648768,0.00116192758638261,0.000116192758638261,100,0.88543304488309,0.0336401089041288,0.00336401089041288,100,0.00124540186993186,8.23303588560419e-05,8.23303588560418e-06,100,54.1204968060754,11.0056044631651,1.10056044631651,100,2.44251633420257,0.158223293960076,0.0158223293960076,100,74624.4057148886,48.1214798466955,4.81214798466955,0,NA,NA,NA
0.025,300,"equal","E-CGL",100,100,0,0,100,16.37,1.3,0.13,100,0.02,0.14070529413629,0.014070529413629,100,16,0,0,100,0.35,1.24214704963997,0.124214704963997,100,1,0,0,100,0.00201086956521739,0.00706521739130435,0.000706521739130435,100,0.981804196766426,0.056564731451491,0.0056564731451491,100,0.989883818715956,0.0331432337902576,0.00331432337902576,100,0.93646718131666,0.0227056966186966,0.00227056966186966,100,0.000410848238889558,4.40203366767961e-05,4.40203366767961e-06,100,7.48060979300198,3.89627560190709,0.389627560190709,100,0.193577523346559,0.0618496811744382,0.00618496811744382,100,74338.6491596095,50.4738428677695,5.04738428677695,100,-246.939260120467,0.080354248483856,0.0080354248483856
0.025,300,"equal","E-ACGL",100,100,0,0,100,18.53,8.00309914718017,0.800309914718017,100,0.04,0.242878362539562,0.0242878362539562,100,16,0,0,100,2.49,7.90792340157974,0.790792340157974,100,1,0,0,100,0.01375,0.0434951040607618,0.00434951040607618,100,0.933515798224926,0.171875907782777,0.0171875907782777,100,0.954707125374674,0.124595212064801,0.0124595212064801,100,0.934912000442326,0.02417499637759,0.002417499637759,100,0.000435861965187934,9.74624227160964e-05,9.74624227160964e-06,100,8.41646166857024,5.08934050837702,0.508934050837702,100,0.255204016456776,0.220596658306645,0.0220596658306645,100,74346.5161835803,57.4114100337129,5.74114100337129,100,-246.910870615649,0.132065646877688,0.0132065646877688
0.025,300,"heterogeneous","D-L",100,100,0,0,100,199.59,0.726065917924617,0.0726065917924617,100,4,0,0,100,16,0,0,100,179.59,0.726065917924617,0.0726065917924617,100,1,0,0,100,0.997771739130435,0.00394601042350342,0.000394601042350342,100,0.0801653957241933,0.000294011546625712,2.94011546625712e-05,100,0.148431569348904,0.000503672524556509,5.03672524556509e-05,100,0.872034862506461,0.0352606798766406,0.00352606798766406,100,0.00143076667615347,0.000104953157684298,1.04953157684298e-05,100,61.3408935200361,11.8945600170757,1.18945600170757,100,2.48734470143151,0.154447054516546,0.0154447054516546,100,74685.2258987593,59.8721371366854,5.98721371366854,0,NA,NA,NA
0.025,300,"heterogeneous","D-GL",100,100,0,0,100,43.99,22.7545067131234,2.27545067131234,100,3.96,0.315268043724605,0.0315268043724605,100,16,0,0,100,24.03,22.7100542856367,2.27100542856367,100,1,0,0,100,0.152119565217391,0.123665797353931,0.0123665797353931,100,0.467191218474589,0.229047106358078,0.0229047106358078,100,0.605108006031438,0.206651424437145,0.0206651424437145,100,0.91109226522646,0.0291639066009567,0.00291639066009567,100,0.000562448750328072,0.000297974011080011,2.97974011080011e-05,100,12.7860178587816,9.70545767817116,0.970545767817116,100,0.791938217080113,0.456477842680873,0.0456477842680873,100,74409.238376384,93.8232989535239,9.38232989535239,0,NA,NA,NA
0.025,300,"heterogeneous","D-AGL",100,100,0,0,100,58.31,25.0545646963026,2.50545646963026,100,3.99,0.1,0.01,100,16,0,0,100,38.32,25.0389111326166,2.50389111326166,100,1,0,0,100,0.229945652173913,0.136166112479905,0.0136166112479905,100,0.343876553684859,0.184421069147175,0.0184421069147175,100,0.487304244580366,0.18161630171579,0.018161630171579,100,0.900292945349573,0.0303073452104059,0.00303073452104059,100,0.000745727624241844,0.000293197921140785,2.93197921140784e-05,100,18.8621218851962,10.8089221557042,1.08089221557042,100,1.0894720623831,0.464007007886068,0.0464007007886068,100,74456.5401128753,94.1357172177047,9.41357172177047,0,NA,NA,NA
0.025,300,"heterogeneous","E-L",100,100,0,0,100,197.96,1.49693289121727,0.149693289121727,100,3.9,0.301511344577764,0.0301511344577764,100,16,0,0,100,178.06,1.46900639820928,0.146900639820928,100,1,0,0,100,0.988913043478261,0.00813550484357205,0.000813550484357205,100,0.0808290083453919,0.000614404745727159,6.14404745727159e-05,100,0.149567948189314,0.00105147218544204,0.000105147218544204,100,0.869306851139506,0.035307445080427,0.0035307445080427,100,0.00143656971683372,0.00010483589189891,1.0483589189891e-05,100,61.2462783161681,11.5806192054525,1.15806192054525,100,2.49698335378072,0.156167857442282,0.0156167857442282,100,74685.2313759666,59.8583198381373,5.98583198381373,0,NA,NA,NA
0.025,300,"heterogeneous","E-CGL",100,100,0,0,100,16.65,2.47563888295282,0.247563888295282,100,0,0,0,100,16,0,0,100,0.65,2.47563888295282,0.247563888295282,100,1,0,0,100,0.00353260869565217,0.0134545591464827,0.00134545591464827,100,0.972578816886706,0.0813044635912071,0.00813044635912071,100,0.983976441858795,0.0522789672645718,0.00522789672645718,100,0.925236568490795,0.0241994552905588,0.00241994552905588,100,0.000492252275060539,6.26202540787096e-05,6.26202540787096e-06,100,8.50493318404674,4.81787006936067,0.481787006936067,100,0.21502677165093,0.101789466278624,0.0101789466278624,100,74400.4058036475,61.7384587501379,6.17384587501379,100,-247.146042594377,0.0893072953970038,0.00893072953970038
0.025,300,"heterogeneous","E-ACGL",100,100,0,0,100,17.44,3.74791524542227,0.374791524542227,100,0.02,0.14070529413629,0.014070529413629,100,16,0,0,100,1.42,3.73944305257271,0.373944305257271,100,1,0,0,100,0.00782608695652174,0.0203691045946862,0.00203691045946862,100,0.94326072115375,0.12447760613244,0.012447760613244,100,0.965741304232945,0.0801007214405274,0.00801007214405274,100,0.924251011977284,0.0246695602007114,0.00246695602007114,100,0.000507712224421667,8.13246720064151e-05,8.13246720064151e-06,100,8.90107112686425,5.12122747625284,0.512122747625284,100,0.245293596465838,0.1354348342973,0.01354348342973,100,74404.3575429075,64.4649628012833,6.44649628012833,100,-247.132208747457,0.109366791413095,0.0109366791413095
0.025,1000,"equal","D-L",100,100,0,0,100,199.49,0.674124947205223,0.0674124947205223,100,4,0,0,100,16,0,0,100,179.49,0.674124947205223,0.0674124947205223,100,1,0,0,100,0.997228260869565,0.0036637225391589,0.00036637225391589,100,0.0802054324331497,0.00027228476833285,2.7228476833285e-05,100,0.148500215133201,0.000466541911284706,4.66541911284706e-05,100,0.923291620588358,0.0143372949363705,0.00143372949363705,100,0.000405417823994122,2.28138685051698e-05,2.28138685051698e-06,100,5.61128675782356,2.54001507844789,0.254001507844789,100,0.673364251233168,0.0450465881425845,0.00450465881425845,100,247769.172466935,105.518280629635,10.5518280629635,0,NA,NA,NA
0.025,1000,"equal","D-GL",100,99,1,0,99,20,0,0,99,4,0,0,99,16,0,0,99,0,0,0,99,1,0,0,99,0.0217391304347826,0,0,99,0.8,0,0,99,0.888888888888889,0,0,99,0.937004193376447,0.0122554764750295,0.00123172173014243,99,4.02020356769307e-05,5.7027401186672e-06,5.73146946985635e-07,99,1.13835777842043,0.901635100758215,0.0906177371827055,99,0.0652441870833368,0.0106102063913168,0.00106636586509783,99,247407.426238406,104.210790814866,10.4735785527008,0,NA,NA,NA
0.025,1000,"equal","D-AGL",100,100,0,0,100,20,0,0,100,4,0,0,100,16,0,0,100,0,0,0,100,1,0,0,100,0.0217391304347826,0,0,100,0.8,0,0,100,0.888888888888889,0,0,100,0.937266544478962,0.0124724646845988,0.00124724646845988,100,4.02327305117078e-05,5.68603375701028e-06,5.68603375701028e-07,100,1.13669927742939,0.896970940042637,0.0896970940042637,100,0.0653094247092837,0.0105838840988026,0.00105838840988026,100,247407.718546224,103.724322958241,10.3724322958241,0,NA,NA,NA
0.025,1000,"equal","E-L",100,100,0,0,100,197.41,1.59604941570546,0.159604941570546,100,3.86,0.376587548676509,0.0376587548676509,100,16,0,0,100,177.55,1.53330039490313,0.153330039490313,100,1,0,0,100,0.985923913043478,0.00867418160709487,0.000867418160709487,100,0.0810548622927251,0.000658462905803295,6.58462905803295e-05,100,0.149954452770617,0.00112643052741706,0.000112643052741706,100,0.92318335411264,0.014166830905621,0.0014166830905621,100,0.000405536963859507,2.27961107827321e-05,2.27961107827321e-06,100,5.56448985691607,2.52821103554864,0.252821103554864,100,0.673254366196251,0.0449442159181887,0.00449442159181887,100,247769.078185661,105.516623756571,10.5516623756571,0,NA,NA,NA
0.025,1000,"equal","E-CGL",100,100,0,0,100,16.05,0.21904291355759,0.021904291355759,100,0,0,0,100,16,0,0,100,0.05,0.21904291355759,0.021904291355759,100,1,0,0,100,0.000271739130434783,0.00119045061716082,0.000119045061716082,100,0.997058823529412,0.0128848772680936,0.00128848772680936,100,0.998484848484849,0.00663766404719965,0.000663766404719965,100,0.937750619843715,0.0121493685566188,0.00121493685566188,100,0.000125951365486978,9.70785595691877e-06,9.70785595691877e-07,100,1.36851128750717,1.06358027536023,0.106358027536023,100,0.0540407669834235,0.0105177360085947,0.00105177360085947,100,247492.700238437,104.012306911125,10.4012306911125,100,-247.242048916015,0.0629710184486018,0.00629710184486018
0.025,1000,"equal","E-ACGL",100,100,0,0,100,16,0,0,100,0,0,0,100,16,0,0,100,0,0,0,100,1,0,0,100,0,0,0,100,1,0,0,100,1,0,0,100,0.937725175125932,0.0121840012323091,0.00121840012323091,100,0.000125579385920526,9.73852447809641e-06,9.73852447809641e-07,100,1.36181777260666,1.05729879562815,0.105729879562815,100,0.0532182827103671,0.0101570926531965,0.00101570926531965,100,247492.313095592,103.653892349528,10.3653892349528,100,-247.242376455886,0.0632251892621995,0.00632251892621995
0.025,1000,"heterogeneous","D-L",100,100,0,0,100,199.63,0.580055727033745,0.0580055727033745,100,4,0,0,100,16,0,0,100,179.63,0.580055727033745,0.0580055727033745,100,1,0,0,100,0.997989130434783,0.00315247677735738,0.000315247677735737,100,0.0801489467539719,0.000233765521467034,2.33765521467034e-05,100,0.148403422766387,0.000400609268585292,4.00609268585292e-05,100,0.911272581940702,0.0145503907393563,0.00145503907393563,100,0.000490793544242833,2.73419306638307e-05,2.73419306638307e-06,100,6.12107024116358,2.52327098062413,0.252327098062413,100,0.682192682942177,0.0402155162814787,0.00402155162814787,100,247961.469781736,129.910083959654,12.9910083959654,0,NA,NA,NA
0.025,1000,"heterogeneous","D-GL",100,100,0,0,100,20.03,0.171446607997765,0.0171446607997765,100,4,0,0,100,16,0,0,100,0.03,0.171446607997765,0.0171446607997765,100,1,0,0,100,0.0219021739130435,0.000931775043466123,9.31775043466123e-05,100,0.798857142857143,0.00653129935229582,0.000653129935229582,100,0.888168168168168,0.00411883742937573,0.000411883742937573,100,0.929913830830024,0.0149784405102242,0.00149784405102242,100,4.9714209274274e-05,9.59676415586356e-06,9.59676415586356e-07,100,1.17377190854564,0.842328302081194,0.0842328302081194,100,0.0659159504473367,0.0122844668806807,0.00122844668806807,100,247599.28591638,127.108222265701,12.7108222265701,0,NA,NA,NA
0.025,1000,"heterogeneous","D-AGL",100,100,0,0,100,20.01,0.1,0.01,100,4,0,0,100,16,0,0,100,0.01,0.1,0.01,100,1,0,0,100,0.0217934782608696,0.00054347826086957,5.4347826086957e-05,100,0.799619047619048,0.00380952380952381,0.000380952380952381,100,0.888648648648649,0.00240240240240239,0.000240240240240239,100,0.929966430840374,0.0150664731155058,0.00150664731155058,100,4.93142883658765e-05,9.06583635702764e-06,9.06583635702764e-07,100,1.17442211250091,0.84108431459375,0.084108431459375,100,0.0655241457122026,0.0119166932396076,0.00119166932396076,100,247599.103053377,127.124796403994,12.7124796403994,0,NA,NA,NA
0.025,1000,"heterogeneous","E-L",100,100,0,0,100,197.73,1.51660839048879,0.151660839048879,100,3.98,0.14070529413629,0.014070529413629,100,16,0,0,100,177.75,1.51340808786131,0.151340808786131,100,1,0,0,100,0.987663043478261,0.00824243690483042,0.000824243690483042,100,0.0809231587728411,0.000623551884434955,6.23551884434955e-05,100,0.149729106610425,0.00106698658020911,0.000106698658020911,100,0.911202849532301,0.0145984906699068,0.00145984906699068,100,0.00049133584577803,2.74123638517859e-05,2.74123638517859e-06,100,6.0856117825062,2.51630998264194,0.251630998264194,100,0.682487280809421,0.04019192206547,0.004019192206547,100,247961.395149488,129.90350461517,12.990350461517,0,NA,NA,NA
0.025,1000,"heterogeneous","E-CGL",100,100,0,0,100,16.04,0.196946385566932,0.0196946385566932,100,0,0,0,100,16,0,0,100,0.04,0.196946385566932,0.0196946385566932,100,1,0,0,100,0.000217391304347826,0.00107036079112463,0.000107036079112463,100,0.997647058823529,0.0115850815039373,0.00115850815039373,100,0.998787878787879,0.00596807228990699,0.000596807228990699,100,0.930610830014657,0.0149068361549876,0.00149068361549876,100,0.000154121289732684,1.33234313873887e-05,1.33234313873887e-06,100,1.39356823816972,0.988649958072342,0.0988649958072342,100,0.0528083014277386,0.0116451300798724,0.00116451300798724,100,247684.688032625,127.956433804464,12.7956433804464,100,-247.453630030579,0.0770598209410437,0.00770598209410437
0.025,1000,"heterogeneous","E-ACGL",100,100,0,0,100,16.05,0.21904291355759,0.021904291355759,100,0,0,0,100,16,0,0,100,0.05,0.21904291355759,0.021904291355759,100,1,0,0,100,0.000271739130434783,0.00119045061716082,0.000119045061716082,100,0.997058823529412,0.0128848772680936,0.00128848772680936,100,0.998484848484849,0.00663766404719965,0.000663766404719965,100,0.930583376613875,0.0148348088384613,0.00148348088384613,100,0.00015424026358851,1.32782398982794e-05,1.32782398982794e-06,100,1.39252737823993,0.993073770489366,0.0993073770489366,100,0.0530234711020737,0.0111538489775368,0.00111538489775368,100,247684.76542241,127.814549570165,12.7814549570165,100,-247.453481812041,0.0768421495332185,0.00768421495332185
0.05,300,"equal","D-L",100,100,0,0,100,199.6,0.586032715327688,0.0586032715327688,100,4,0,0,100,16,0,0,100,179.6,0.586032715327688,0.0586032715327688,100,1,0,0,100,0.997826086956522,0.00318496040938972,0.000318496040938972,100,0.0801610076738613,0.000236366274328058,2.36366274328058e-05,100,0.14842409550803,0.000405041176398332,4.05041176398332e-05,100,0.752290476441397,0.0495307428811044,0.00495307428811044,100,0.00136781911315781,0.000103794171490032,1.03794171490032e-05,100,63.6858175371343,11.9786102863724,1.19786102863724,100,2.79762321489683,0.207388681617231,0.0207388681617231,100,74658.488580432,46.3888593460547,4.63888593460547,0,NA,NA,NA
0.05,300,"equal","D-GL",100,100,0,0,100,39.23,24.1472147420356,2.41472147420356,100,4,0,0,100,16,0,0,100,19.23,24.1472147420356,2.41472147420356,100,1,0,0,100,0.12625,0.131234862728454,0.0131234862728454,100,0.542910845155914,0.244608095307686,0.0244608095307686,100,0.669276668806893,0.220726384664494,0.0220726384664494,100,0.836914929324287,0.0377668875056219,0.00377668875056219,100,0.00040491309021821,0.000277209617167978,2.77209617167978e-05,100,11.4991294414261,10.3415452673983,1.03415452673983,100,0.711552770220318,0.518841365668906,0.0518841365668906,100,74353.0741737621,101.52214175511,10.152214175511,0,NA,NA,NA
0.05,300,"equal","D-AGL",100,100,0,0,100,59.19,30.0977179577227,3.00977179577227,100,4,0,0,100,16,0,0,100,39.19,30.0977179577227,3.00977179577227,100,1,0,0,100,0.234728260869565,0.163574554118058,0.0163574554118058,100,0.364863340952686,0.215479518886962,0.0215479518886962,100,0.502201845575332,0.209355310257472,0.0209355310257472,100,0.813553682220534,0.0484000447815884,0.00484000447815884,100,0.000643274037859171,0.000318736002380709,3.18736002380709e-05,100,18.42742157904,12.6046939191102,1.26046939191102,100,1.17304907148289,0.617841272931488,0.0617841272931488,100,74421.597606715,96.6405290158573,9.66405290158573,0,NA,NA,NA
0.05,300,"equal","E-L",100,100,0,0,100,197.77,1.66275298067617,0.166275298067617,100,3.92,0.307482445914323,0.0307482445914323,100,16,0,0,100,177.85,1.68400076777256,0.168400076777256,100,1,0,0,100,0.987880434782609,0.0090367009819357,0.00090367009819357,100,0.080907777460331,0.000687226423632872,6.87226423632872e-05,100,0.14970264675962,0.00117546463114855,0.000117546463114855,100,0.75128069515461,0.0499949504812967,0.00499949504812968,100,0.00137172502859287,0.000104678877650447,1.04678877650447e-05,100,63.2480369800065,12.0036630060692,1.20036630060692,100,2.80403173911282,0.208501635427593,0.0208501635427593,100,74658.4008011322,46.3917099618288,4.63917099618287,0,NA,NA,NA
0.05,300,"equal","E-CGL",100,100,0,0,100,16.18,0.479477830456206,0.0479477830456206,100,0,0,0,100,16,0,0,100,0.18,0.479477830456206,0.0479477830456206,100,1,0,0,100,0.000978260869565217,0.00260585777421851,0.000260585777421851,100,0.989673202614379,0.0272141744390646,0.00272141744390646,100,0.994616755793226,0.0142579536854384,0.00142579536854384,100,0.855180043308617,0.0292539611386185,0.00292539611386185,100,0.000415897984237095,4.1697564353106e-05,4.1697564353106e-06,100,7.60378362684878,3.78646400211902,0.378646400211902,100,0.202795464853137,0.0538684583117959,0.00538684583117959,100,74360.6839108572,47.4424341390424,4.74424341390424,100,-247.013338973116,0.0773358059936002,0.00773358059936002
0.05,300,"equal","E-ACGL",100,100,0,0,100,16.46,2.48803195926078,0.248803195926078,100,0,0,0,100,16,0,0,100,0.46,2.48803195926078,0.248803195926078,100,1,0,0,100,0.0025,0.0135219128220695,0.00135219128220695,100,0.982057040998217,0.0691816742153685,0.00691816742153685,100,0.989340329433209,0.046796865877938,0.0046796865877938,100,0.855006416115284,0.0282015773284262,0.00282015773284262,100,0.000419768306900767,5.23586172099763e-05,5.23586172099763e-06,100,7.6897721507476,3.83531976389538,0.383531976389538,100,0.211911284987299,0.0941172186002517,0.00941172186002517,100,74361.7401988865,47.5204001239918,4.75204001239918,100,-247.009705742986,0.0847807679252242,0.00847807679252242
0.05,300,"heterogeneous","D-L",100,100,0,0,100,199.77,0.422952584681651,0.0422952584681651,100,4,0,0,100,16,0,0,100,179.77,0.422952584681651,0.0422952584681651,100,1,0,0,100,0.99875,0.00229865535153086,0.000229865535153086,100,0.0800924623115578,0.000170031189821787,1.70031189821787e-05,100,0.148306632213609,0.000291440196163304,2.91440196163304e-05,100,0.746826975780508,0.0539904836514765,0.00539904836514765,100,0.00163877822023356,0.000199347253015988,1.99347253015988e-05,100,79.5300406505193,20.8043255114303,2.08043255114303,100,2.93766475885428,0.325343424266684,0.0325343424266684,100,74714.0582897704,58.5840362480048,5.85840362480048,0,NA,NA,NA
0.05,300,"heterogeneous","D-GL",100,100,0,0,100,47.61,22.5934177417345,2.25934177417345,100,4,0,0,100,16,0,0,100,27.61,22.5934177417345,2.25934177417345,100,1,0,0,100,0.17179347826087,0.122790313813775,0.0122790313813775,100,0.428296424850143,0.216632797204659,0.0216632797204659,100,0.569820905474716,0.200521746619449,0.0200521746619449,100,0.829476808837567,0.040621551477934,0.0040621551477934,100,0.000645115198989188,0.000315909500967049,3.15909500967049e-05,100,16.9297683750078,11.4512167887932,1.14512167887932,100,0.934817493394976,0.489879070897315,0.0489879070897315,100,74443.6501585067,93.632234622934,9.3632234622934,0,NA,NA,NA
0.05,300,"heterogeneous","D-AGL",100,100,0,0,100,71.45,26.2975879371689,2.62975879371689,100,4,0,0,100,16,0,0,100,51.45,26.2975879371689,2.62975879371689,100,1,0,0,100,0.301358695652174,0.14292167357157,0.014292167357157,100,0.275673228761066,0.164508362809258,0.0164508362809258,100,0.411306042700985,0.165294234297725,0.0165294234297725,100,0.808878038249541,0.0430547430470686,0.00430547430470686,100,0.000931650128715591,0.000309695489283965,3.09695489283965e-05,100,29.2804336020552,15.9859567552206,1.59859567552206,100,1.43921917124434,0.53094477259787,0.053094477259787,100,74514.7391460675,93.0694108935908,9.30694108935908,0,NA,NA,NA
0.05,300,"heterogeneous","E-L",100,100,0,0,100,197.95,1.57874134753741,0.157874134753741,100,3.98,0.14070529413629,0.014070529413629,100,16,0,0,100,177.97,1.56640874730588,0.156640874730588,100,1,0,0,100,0.988858695652174,0.008580116019225,0.0008580116019225,100,0.080833619942821,0.000649500091212367,6.49500091212367e-05,100,0.149575774025295,0.00111132933549379,0.000111132933549379,100,0.750027452782229,0.0493127070482097,0.00493127070482097,100,0.0016307548841286,0.000183091644160517,1.83091644160517e-05,100,78.114729520061,19.8402944226608,1.98402944226608,100,2.91780353134349,0.306034418185664,0.0306034418185664,100,74714.0443123789,58.5714044337494,5.85714044337494,0,NA,NA,NA
0.05,300,"heterogeneous","E-CGL",100,100,0,0,100,16.3,0.979589689408764,0.0979589689408764,100,0,0,0,100,16,0,0,100,0.3,0.979589689408764,0.0979589689408764,100,1,0,0,100,0.0016304347826087,0.00532385700765633,0.000532385700765633,100,0.984274509803922,0.0454985331439581,0.00454985331439581,100,0.991487819370172,0.025917480487815,0.0025917480487815,100,0.857044031903177,0.0360491246640708,0.00360491246640708,100,0.000496128898154096,5.26505896763701e-05,5.26505896763701e-06,100,8.56790066765804,4.54241371341259,0.454241371341259,100,0.218166030044811,0.0625746178754419,0.00625746178754419,100,74417.8874163479,60.5451104508681,6.05451104508681,100,-247.209962105569,0.0805198509925718,0.00805198509925718
0.05,300,"heterogeneous","E-ACGL",100,100,0,0,100,17.14,3.4466203619186,0.34466203619186,100,0.02,0.14070529413629,0.014070529413629,100,16,0,0,100,1.12,3.38827449307225,0.338827449307225,100,1,0,0,100,0.00619565217391305,0.0187316324017315,0.00187316324017315,100,0.955649718173238,0.113473046701159,0.0113473046701159,100,0.973113625001065,0.0734858359403465,0.00734858359403465,100,0.856563193833564,0.0357324254938729,0.00357324254938729,100,0.000510108848904907,7.09046786272316e-05,7.09046786272316e-06,100,9.02522830897333,4.98726536891665,0.498726536891665,100,0.249138088793135,0.132752685887126,0.0132752685887126,100,74421.6878711213,61.2266183749053,6.12266183749053,100,-247.197349185339,0.0912028721224944,0.00912028721224944
0.05,1000,"equal","D-L",100,100,0,0,100,199.58,0.684311937849128,0.0684311937849128,100,4,0,0,100,16,0,0,100,179.58,0.684311937849128,0.0684311937849128,100,1,0,0,100,0.997717391304348,0.00371908661874531,0.000371908661874531,100,0.0801692921357029,0.00027650941051612,2.7650941051612e-05,100,0.148438264027563,0.000473766578003412,4.73766578003412e-05,100,0.840340084796976,0.0185461505566155,0.00185461505566155,100,0.000427933573203377,2.42461116119799e-05,2.42461116119799e-06,100,6.20422381902863,2.76546387556162,0.276546387556162,100,0.724969107589871,0.0481162251733087,0.00481162251733087,100,247844.659251674,104.439743824925,10.4439743824925,0,NA,NA,NA
0.05,1000,"equal","D-GL",100,100,0,0,100,20,0,0,100,4,0,0,100,16,0,0,100,0,0,0,100,1,0,0,100,0.0217391304347826,0,0,100,0.8,0,0,100,0.888888888888889,0,0,100,0.867721768621667,0.0170053660250523,0.00170053660250523,100,4.23234063258077e-05,5.9758806068512e-06,5.9758806068512e-07,100,1.23893122077209,1.01653418082982,0.101653418082982,100,0.0694505032138406,0.0111783785184813,0.00111783785184813,100,247480.928117664,102.712378956668,10.2712378956668,0,NA,NA,NA
0.05,1000,"equal","D-AGL",100,100,0,0,100,20,0,0,100,4,0,0,100,16,0,0,100,0,0,0,100,1,0,0,100,0.0217391304347826,0,0,100,0.8,0,0,100,0.888888888888889,0,0,100,0.867745471732189,0.0170093601859784,0.00170093601859784,100,4.22832261860848e-05,5.97277693884345e-06,5.97277693884345e-07,100,1.23802449535634,1.01560630041553,0.101560630041553,100,0.0693663595417587,0.0111643620981399,0.00111643620981399,100,247480.928266686,102.712341211876,10.2712341211876,0,NA,NA,NA
0.05,1000,"equal","E-L",100,100,0,0,100,197.54,1.64175318953658,0.164175318953658,100,3.9,0.333333333333333,0.0333333333333333,100,16,0,0,100,177.64,1.59240622196649,0.159240622196649,100,1,0,0,100,0.986630434782609,0.00892257168226399,0.000892257168226399,100,0.0810018256467901,0.000677208504614307,6.77208504614307e-05,100,0.149863645684223,0.00115851561798228,0.000115851561798228,100,0.839924674841134,0.0186614376566007,0.00186614376566007,100,0.000428342365032091,2.42190038015237e-05,2.42190038015237e-06,100,6.15420838309722,2.74903412064444,0.274903412064444,100,0.725454141726861,0.0480257165391351,0.00480257165391351,100,247844.566780332,104.434548485825,10.4434548485825,0,NA,NA,NA
0.05,1000,"equal","E-CGL",100,100,0,0,100,16.09,0.320825954263823,0.0320825954263823,100,0,0,0,100,16,0,0,100,0.09,0.320825954263823,0.0320825954263823,100,1,0,0,100,0.000489130434782609,0.00174361931665121,0.000174361931665121,100,0.994771241830065,0.0184864517957268,0.00184864517957268,100,0.99729055258467,0.00961586053111811,0.000961586053111811,100,0.867988466896158,0.0175752946831181,0.00175752946831181,100,0.000128297552956289,1.07220809397413e-05,1.07220809397413e-06,100,1.28855719739789,1.06073035991206,0.106073035991206,100,0.0579631007450063,0.0129625921926137,0.00129625921926137,100,247566.230006604,102.942560020453,10.2942560020453,100,-247.314549144349,0.0623098829281517,0.00623098829281517
0.05,1000,"equal","E-ACGL",100,100,0,0,100,16.11,0.34509550720186,0.034509550720186,100,0,0,0,100,16,0,0,100,0.11,0.34509550720186,0.034509550720186,100,1,0,0,100,0.000597826086956521,0.00187551906087967,0.000187551906087967,100,0.99359477124183,0.0199455956962145,0.00199455956962145,100,0.99668449197861,0.0103598930800534,0.00103598930800534,100,0.867689118003853,0.0176291163806695,0.00176291163806695,100,0.000128441250121803,1.08108540840038e-05,1.08108540840038e-06,100,1.29619377468316,1.06124333144142,0.106124333144142,100,0.0582760282487581,0.0130894677111606,0.00130894677111606,100,247566.351425442,102.611667330247,10.2611667330247,100,-247.314451466529,0.0623226644202127,0.00623226644202127
0.05,1000,"heterogeneous","D-L",100,100,0,0,100,199.73,0.509604719068583,0.0509604719068583,100,4,0,0,100,16,0,0,100,179.73,0.509604719068583,0.0509604719068583,100,1,0,0,100,0.998532608695652,0.00276959086450325,0.000276959086450325,100,0.0801086645347952,0.000205284708811342,2.05284708811342e-05,100,0.148334387854492,0.000351812404530992,3.51812404530992e-05,100,0.834883934550706,0.0211418836843584,0.00211418836843584,100,0.000527822257993344,3.29798016832092e-05,3.29798016832092e-06,100,7.07024630096963,2.69206076993716,0.269206076993716,100,0.73955582448257,0.0457890778498666,0.00457890778498666,100,248026.160390008,127.693352110809,12.7693352110809,0,NA,NA,NA
0.05,1000,"heterogeneous","D-GL",100,100,0,0,100,20.01,0.1,0.01,100,4,0,0,100,16,0,0,100,0.01,0.1,0.01,100,1,0,0,100,0.0217934782608696,0.00054347826086957,5.4347826086957e-05,100,0.799619047619048,0.00380952380952381,0.000380952380952381,100,0.888648648648649,0.00240240240240239,0.000240240240240239,100,0.869406030386113,0.019688912627764,0.0019688912627764,100,5.23095873089533e-05,9.85314827689536e-06,9.85314827689535e-07,100,1.23505074484852,0.888502819262444,0.0888502819262444,100,0.0693039722850747,0.0125683932671544,0.00125683932671544,100,247660.229357165,124.892698001801,12.4892698001801,0,NA,NA,NA
0.05,1000,"heterogeneous","D-AGL",100,100,0,0,100,20,0,0,100,4,0,0,100,16,0,0,100,0,0,0,100,1,0,0,100,0.0217391304347826,0,0,100,0.8,0,0,100,0.888888888888889,0,0,100,0.869408106704278,0.0195901037238287,0.00195901037238287,100,5.20328338457178e-05,9.64297273133969e-06,9.64297273133969e-07,100,1.23315015626472,0.8850029473262,0.08850029473262,100,0.0690590064682323,0.0125115900683056,0.00125115900683056,100,247660.10431295,124.780741547319,12.4780741547319,0,NA,NA,NA
0.05,1000,"heterogeneous","E-L",100,100,0,0,100,198.15,1.52669842497072,0.152669842497072,100,3.99,0.1,0.01,100,16,0,0,100,178.16,1.52235861661297,0.152235861661297,100,1,0,0,100,0.989945652173913,0.00829727404875389,0.000829727404875389,100,0.0807516890088093,0.000626712711329968,6.26712711329968e-05,100,0.149435540301369,0.00107251822231105,0.000107251822231105,100,0.834399088756289,0.0214508994127993,0.00214508994127993,100,0.000529146665408355,3.32559919837618e-05,3.32559919837618e-06,100,7.03656015312097,2.67450703419537,0.267450703419537,100,0.740807868028394,0.0459369191544228,0.00459369191544228,100,248026.112908951,127.686129310167,12.7686129310167,0,NA,NA,NA
0.05,1000,"heterogeneous","E-CGL",100,100,0,0,100,16.06,0.238683256575942,0.0238683256575942,100,0,0,0,100,16,0,0,100,0.06,0.238683256575942,0.0238683256575942,100,1,0,0,100,0.000326086956521739,0.00129719161182577,0.000129719161182577,100,0.996470588235294,0.0140401915632908,0.00140401915632908,100,0.998181818181818,0.00723282595684667,0.000723282595684667,100,0.86989195786906,0.0191899433203421,0.00191899433203421,100,0.00015656632789885,1.35238059126427e-05,1.35238059126427e-06,100,1.26467867199828,0.921113936700511,0.0921113936700511,100,0.0555347130254192,0.0117797958817466,0.00117797958817466,100,247745.739778484,125.779411600294,12.5779411600294,100,-247.513919365777,0.075962286825643,0.0075962286825643
0.05,1000,"heterogeneous","E-ACGL",100,100,0,0,100,16.04,0.196946385566932,0.0196946385566932,100,0,0,0,100,16,0,0,100,0.04,0.196946385566932,0.0196946385566932,100,1,0,0,100,0.000217391304347826,0.00107036079112463,0.000107036079112463,100,0.997647058823529,0.0115850815039373,0.00115850815039373,100,0.998787878787879,0.00596807228990699,0.000596807228990699,100,0.869777702950986,0.0193770393404995,0.00193770393404995,100,0.000156559209870485,1.38582466342376e-05,1.38582466342376e-06,100,1.26102255040511,0.924844622475508,0.0924844622475508,100,0.0553051771988186,0.011819108207979,0.0011819108207979,100,247745.622758765,125.779391410886,12.5779391410886,100,-247.514041496162,0.0761744391310029,0.00761744391310029
0.1,300,"equal","D-L",100,100,0,0,100,199.71,0.555868598672293,0.0555868598672293,100,4,0,0,100,16,0,0,100,179.71,0.555868598672293,0.0555868598672293,100,1,0,0,100,0.998423913043478,0.00302102499278425,0.000302102499278425,100,0.0801167859499518,0.000224096540363508,2.24096540363508e-05,100,0.148348297874053,0.000384029281576742,3.84029281576742e-05,100,0.466012301205691,0.0991688494117508,0.00991688494117508,100,0.00184032231143887,0.000376140482242494,3.76140482242494e-05,100,92.1404273046185,23.6719259950879,2.36719259950879,100,4.09015010225022,0.899317413967215,0.0899317413967215,100,74719.6611143703,47.5746116951019,4.75746116951019,0,NA,NA,NA
0.1,300,"equal","D-GL",100,100,0,0,100,27.87,16.6603957899801,1.66603957899801,100,4,0,0,100,16,0,0,100,7.87,16.6603957899801,1.66603957899801,100,1,0,0,100,0.0645108695652174,0.0905456292933703,0.00905456292933703,100,0.675578784306579,0.188152740577197,0.0188152740577197,100,0.788134755056219,0.165006792144529,0.0165006792144529,100,0.699286757914376,0.0504892886722745,0.00504892886722745,100,0.00029754807370063,0.000226185720344411,2.26185720344411e-05,100,10.0375178906092,10.7487791146858,1.07487791146858,100,0.526168822987509,0.440198681866528,0.0440198681866528,100,74352.2422669754,81.192051121943,8.1192051121943,0,NA,NA,NA
0.1,300,"equal","D-AGL",100,100,0,0,100,62.3,30.9660941983162,3.09660941983162,100,4,0,0,100,15.99,0.1,0.01,100,42.31,30.953107250886,3.0953107250886,100,0.999375,0.00625,0.000625,100,0.251684782608696,0.168223408972206,0.0168223408972206,100,0.354933258499047,0.223704843651595,0.0223704843651595,100,0.488258508215266,0.217924953543592,0.0217924953543592,100,0.635631298670568,0.0687269097270736,0.00687269097270736,100,0.000771741433610728,0.00041454571498546,4.1454571498546e-05,100,37.3915157951125,111.316684770366,11.1316684770366,100,1.5411139088592,1.19388679384185,0.119388679384185,100,74471.9627001338,117.771839997034,11.7771839997034,0,NA,NA,NA
0.1,300,"equal","E-L",100,100,0,0,100,197.41,2.19317121994613,0.219317121994613,100,3.94,0.238683256575942,0.0238683256575942,100,16,0,0,100,177.47,2.15769705140841,0.215769705140841,100,1,0,0,100,0.985923913043478,0.011919408804055,0.0011919408804055,100,0.0810596765720483,0.00091708430506307,9.1708430506307e-05,100,0.149962054627321,0.00156718961701586,0.000156718961701586,100,0.471246944845776,0.099489555400669,0.0099489555400669,100,0.00182435179641823,0.000372253462694101,3.72253462694101e-05,100,92.2336449677175,25.0627885105779,2.50627885105779,100,4.04830451406565,0.869598691988954,0.0869598691988954,100,74720.2643986191,47.5797710085087,4.75797710085087,0,NA,NA,NA
0.1,300,"equal","E-CGL",100,100,0,0,100,16.35,1.11350751676807,0.111350751676807,100,0.01,0.1,0.01,100,15.98,0.2,0.02,100,0.36,1.09655106694775,0.109655106694775,100,0.99875,0.0125,0.00125,100,0.00201086956521739,0.00640052595829589,0.000640052595829589,100,0.980711809690138,0.0519277604423387,0.00519277604423387,100,0.988988031576267,0.0330307995835669,0.00330307995835669,100,0.716572999283395,0.0433336889068771,0.00433336889068771,100,0.000438752380649093,5.5962367281102e-05,5.5962367281102e-06,100,8.44177984518506,4.5446757588455,0.45446757588455,100,0.251108264076683,0.0930484316750519,0.00930484316750519,100,74402.7604163996,47.4213979274823,4.74213979274823,100,-247.139856505119,0.0770819663321758,0.00770819663321758
0.1,300,"equal","E-ACGL",100,100,0,0,100,16.13,0.418148878808116,0.0418148878808116,100,0,0,0,100,15.96,0.315268043724605,0.0315268043724605,100,0.17,0.377525168068637,0.0377525168068637,100,0.9975,0.0197042527327878,0.00197042527327878,100,0.000923913043478261,0.00205176721776433,0.000205176721776433,100,0.98983718487395,0.0226039962218515,0.00226039962218515,100,0.993496212121212,0.0177605301767445,0.00177605301767445,100,0.715263263014014,0.0432969852126216,0.00432969852126216,100,0.000437689915075882,6.65595929572242e-05,6.65595929572242e-06,100,8.40971125259221,4.43778613851715,0.443778613851715,100,0.246528584369271,0.109245684418487,0.0109245684418487,100,74400.8757436059,49.2366841021366,4.92366841021366,100,-247.142476363493,0.0823578604210291,0.00823578604210291
0.1,300,"heterogeneous","D-L",100,100,0,0,100,199.68,0.566399223876658,0.0566399223876658,100,4,0,0,100,16,0,0,100,179.68,0.566399223876658,0.0566399223876658,100,1,0,0,100,0.998260869565217,0.00307825665150363,0.000307825665150363,100,0.0801288462514593,0.00022830741019617,2.2830741019617e-05,100,0.148368969708678,0.000391249763452945,3.91249763452945e-05,100,0.526276741314117,0.0460972698811391,0.00460972698811391,100,0.00220324850510794,0.000285123070739737,2.85123070739737e-05,100,146.171153799538,65.8210635245059,6.58210635245059,100,4.36788668049384,0.722422141548494,0.0722422141548495,100,74778.8657440869,61.0152168206446,6.10152168206446,0,NA,NA,NA
0.1,300,"heterogeneous","D-GL",100,100,0,0,100,41.99,17.6007891237233,1.76007891237233,100,4,0,0,100,15.94,0.277797979063414,0.0277797979063414,100,22.05,17.5322934361513,1.75322934361513,100,0.99625,0.0173623736914634,0.00173623736914634,100,0.141576086956522,0.0952842034573439,0.00952842034573439,100,0.44281561435034,0.168854526700012,0.0168854526700012,100,0.594305657381358,0.156340284562122,0.0156340284562122,100,0.634341024917128,0.0592598284752841,0.00592598284752841,100,0.00121636386084277,0.000676597329738521,6.76597329738521e-05,100,2143.66480342262,5160.12357404432,516.012357404432,100,11.1900968267312,22.6225034159444,2.26225034159444,100,74456.4694093955,86.0554236799216,8.60554236799216,0,NA,NA,NA
0.1,300,"heterogeneous","D-AGL",100,100,0,0,100,65.77,21.4611958961501,2.14611958961501,100,4,0,0,100,15.97,0.171446607997765,0.0171446607997765,100,45.8,21.4429004520839,2.14429004520839,100,0.998125,0.0107154129998603,0.00107154129998603,100,0.270652173913044,0.116537502456978,0.0116537502456978,100,0.274538511834894,0.108597962453669,0.0108597962453669,100,0.420353616271331,0.121550726575158,0.0121550726575158,100,0.606955517870559,0.0568032304426977,0.00568032304426977,100,0.00139130461320726,0.000494688453690607,4.94688453690607e-05,100,365.287626979717,1579.5069139251,157.95069139251,100,3.77296273863697,7.83409164595456,0.783409164595456,100,74540.9471606001,86.5079875052319,8.65079875052319,0,NA,NA,NA
0.1,300,"heterogeneous","E-L",100,100,0,0,100,197.94,2.00413713516956,0.200413713516956,100,3.94,0.277797979063414,0.0277797979063414,100,16,0,0,100,178,2,0.2,100,1,0,0,100,0.988804347826087,0.0108920496476607,0.00108920496476607,100,0.0808409520161064,0.000835869427965651,8.35869427965651e-05,100,0.149587894024194,0.00142867839209476,0.000142867839209476,100,0.529099869021883,0.0458176374559665,0.00458176374559665,100,0.00220059399089698,0.000281745791910284,2.81745791910284e-05,100,143.342132356171,61.9106137190261,6.19106137190261,100,4.34707645806469,0.71851362275075,0.071851362275075,100,74778.9912629582,61.1043384713796,6.11043384713796,0,NA,NA,NA
0.1,300,"heterogeneous","E-CGL",100,100,0,0,100,18.41,6.26211149725397,0.626211149725397,100,0.04,0.196946385566932,0.0196946385566932,100,15.23,1.13578166916005,0.113578166916005,100,3.14,6.06033635763534,0.606033635763534,100,0.951875,0.0709863543225034,0.00709863543225034,100,0.0172826086956522,0.0333807376163335,0.00333807376163335,100,0.880319201122309,0.169379542987069,0.0169379542987069,100,0.903204901490897,0.117256868700772,0.0117256868700772,100,0.692829465490853,0.0673375876949205,0.00673375876949205,100,0.000798418869650151,0.0004480646312723,4.480646312723e-05,100,42.5644137195882,95.7007623335343,9.57007623335343,100,0.794301745873559,1.06527044652678,0.106527044652678,100,74459.2787094604,63.347451947357,6.3347451947357,100,-247.2508565706,0.134165516867243,0.0134165516867243
0.1,300,"heterogeneous","E-ACGL",100,100,0,0,100,19.3,13.1168023942768,1.31168023942768,100,0.06,0.31204765240863,0.031204765240863,100,15.08,0.981443999030165,0.0981443999030165,100,4.16,12.5944672797465,1.25944672797465,100,0.9425,0.0613402499393853,0.00613402499393853,100,0.0229347826086957,0.0695930890860459,0.00695930890860459,100,0.912468469557472,0.201886872378097,0.0201886872378097,100,0.907727261740903,0.152592323706128,0.0152592323706128,100,0.697065686957492,0.0625802938437845,0.00625802938437845,100,0.00076497896217762,0.000456157444582276,4.56157444582276e-05,100,31.1648826883751,87.8459836440755,8.78459836440755,100,0.725051687483824,1.16097816046412,0.116097816046412,100,74459.8744873026,76.3164842019256,7.63164842019256,100,-247.247802355146,0.158169307678867,0.0158169307678867
0.1,1000,"equal","D-L",100,100,0,0,100,199.72,0.604361253930565,0.0604361253930565,100,4,0,0,100,16,0,0,100,179.72,0.604361253930565,0.0604361253930565,100,1,0,0,100,0.998478260869565,0.0032845720322314,0.00032845720322314,100,0.0801128889074404,0.000244308955621292,2.44308955621291e-05,100,0.148341602271262,0.000418581246825622,4.18581246825622e-05,100,0.680793569882524,0.0232730719998792,0.00232730719998792,100,0.000484280037305084,3.01176482363388e-05,3.01176482363388e-06,100,7.70810474487678,3.14855732432739,0.314855732432739,100,0.854755631055899,0.058189855895781,0.0058189855895781,100,247985.608441659,102.922619542282,10.2922619542282,0,NA,NA,NA
0.1,1000,"equal","D-GL",100,100,0,0,100,20.11,0.34509550720186,0.034509550720186,100,4,0,0,100,16,0,0,100,0.11,0.34509550720186,0.034509550720186,100,1,0,0,100,0.0223369565217391,0.00187551906087968,0.000187551906087968,100,0.795844155844156,0.0129581208199963,0.00129581208199963,100,0.886258890469417,0.00822130887405385,0.000822130887405385,100,0.741860403579565,0.0195745739037779,0.00195745739037779,100,4.82887907808661e-05,8.28915333624481e-06,8.28915333624481e-07,100,1.47091300956371,1.22020314557147,0.122020314557147,100,0.0809141646434679,0.0156248786768699,0.00156248786768698,100,247616.664148575,103.259796936464,10.3259796936464,0,NA,NA,NA
0.1,1000,"equal","D-AGL",100,100,0,0,100,20,0,0,100,4,0,0,100,16,0,0,100,0,0,0,100,1,0,0,100,0.0217391304347826,0,0,100,0.8,0,0,100,0.888888888888889,0,0,100,0.741672035640495,0.0196481315870735,0.00196481315870735,100,4.69805931827751e-05,7.13202373578628e-06,7.13202373578628e-07,100,1.46631536342054,1.19922337888481,0.119922337888481,100,0.0787225623609038,0.0137010894946542,0.00137010894946542,100,247615.516661798,102.53552762595,10.253552762595,0,NA,NA,NA
0.1,1000,"equal","E-L",100,100,0,0,100,198.29,1.36548359731835,0.136548359731835,100,3.96,0.196946385566932,0.0196946385566932,100,16,0,0,100,178.33,1.33374993491617,0.133374993491617,100,1,0,0,100,0.99070652173913,0.00742110650716487,0.000742110650716487,100,0.0806937105204483,0.000559155815825078,5.59155815825078e-05,100,0.149336384268641,0.00095708853750793,9.5708853750793e-05,100,0.680046406137741,0.0232237315000763,0.00232237315000763,100,0.000485648677665696,3.03447378478285e-05,3.03447378478285e-06,100,7.66555420748722,3.13040715312831,0.313040715312831,100,0.857273413498871,0.0583772225380592,0.00583772225380592,100,247985.553790731,102.901081049235,10.2901081049235,0,NA,NA,NA
0.1,1000,"equal","E-CGL",100,100,0,0,100,16.12,0.32659863237109,0.032659863237109,100,0.01,0.1,0.01,100,16,0,0,100,0.11,0.31446603773522,0.031446603773522,100,1,0,0,100,0.000652173913043478,0.00177499256723419,0.000177499256723419,100,0.992941176470588,0.0192116842571231,0.00192116842571231,100,0.996363636363636,0.00989692825366932,0.000989692825366932,100,0.743916001954132,0.0205119033732436,0.00205119033732436,100,0.000132655586118025,1.16967169033684e-05,1.16967169033684e-06,100,1.29056468788014,1.07780466949253,0.107780466949253,100,0.0658987285225854,0.0132465474402711,0.00132465474402711,100,247700.986146346,102.565755666695,10.2565755666695,100,-247.448681048233,0.0615246635865908,0.00615246635865908
0.1,1000,"equal","E-ACGL",100,100,0,0,100,16.04,0.196946385566932,0.0196946385566932,100,0,0,0,100,16,0,0,100,0.04,0.196946385566932,0.0196946385566932,100,1,0,0,100,0.000217391304347826,0.00107036079112463,0.000107036079112463,100,0.997647058823529,0.0115850815039373,0.00115850815039373,100,0.998787878787879,0.00596807228990699,0.000596807228990699,100,0.743377060263596,0.0203626686788669,0.00203626686788669,100,0.000132106499371805,1.13178068206291e-05,1.13178068206291e-06,100,1.29674151132185,1.06615112515554,0.106615112515554,100,0.064712938782375,0.0133347991731032,0.00133347991731032,100,247700.484372605,102.242849194699,10.2242849194699,100,-247.44918143029,0.0612010293536744,0.00612010293536744
0.1,1000,"heterogeneous","D-L",100,100,0,0,100,199.93,0.256432399976243,0.0256432399976243,100,4,0,0,100,16,0,0,100,179.93,0.256432399976243,0.0256432399976243,100,1,0,0,100,0.999619565217391,0.00139365434769706,0.000139365434769706,100,0.0800281407035176,0.00010308840200051,1.0308840200051e-05,100,0.14819638242894,0.000176697605496263,1.76697605496263e-05,100,0.676023383616453,0.0283780292587238,0.00283780292587238,100,0.000682501941475324,9.50392503367553e-05,9.50392503367553e-06,100,12.5520068646138,11.0766149129333,1.10766149129333,100,0.977295292380526,0.148085289229265,0.0148085289229265,100,248160.454810006,126.363224075541,12.6363224075541,0,NA,NA,NA
0.1,1000,"heterogeneous","D-GL",100,100,0,0,100,23.07,12.6660725538501,1.26660725538501,100,4,0,0,100,16,0,0,100,3.07,12.6660725538501,1.26660725538501,100,1,0,0,100,0.0384239130434783,0.0688373508361417,0.00688373508361417,100,0.753918057798169,0.123287105833549,0.0123287105833549,100,0.852132630816995,0.109396823890707,0.0109396823890707,100,0.746998310270246,0.0268663089569904,0.00268663089569904,100,8.55262535610168e-05,7.42010062456069e-05,7.42010062456069e-06,100,1.74904551810446,1.53433592484117,0.153433592484117,100,0.108240479643559,0.0974066558603917,0.00974066558603917,100,247794.167262092,134.977182703254,13.4977182703254,0,NA,NA,NA
0.1,1000,"heterogeneous","D-AGL",100,100,0,0,100,23.44,12.8041344332937,1.28041344332937,100,4,0,0,100,16,0,0,100,3.44,12.8041344332937,1.28041344332937,100,1,0,0,100,0.0404347826086956,0.069587687137466,0.0069587687137466,100,0.754121947359877,0.139037605694282,0.0139037605694282,100,0.850133475125462,0.123992485172838,0.0123992485172838,100,0.74591029395195,0.0270458942805102,0.00270458942805102,100,8.90174014794994e-05,8.5260971789209e-05,8.5260971789209e-06,100,1.77519947675105,1.50464514595858,0.150464514595858,100,0.113981399814106,0.107768744308967,0.0107768744308967,100,247794.304629523,130.022013139625,13.0022013139625,0,NA,NA,NA
0.1,1000,"heterogeneous","E-L",100,100,0,0,100,199.27,1.00357945234631,0.100357945234631,100,3.99,0.1,0.01,100,16,0,0,100,179.28,0.97524925588852,0.097524925588852,100,1,0,0,100,0.996032608695652,0.00545423615405603,0.000545423615405603,100,0.0802950984345353,0.000406897420401001,4.06897420401001e-05,100,0.148653748714552,0.000696993583292333,6.96993583292333e-05,100,0.671887195829403,0.0289974223990666,0.00289974223990666,100,0.00069936690967669,0.000100250480086664,1.00250480086664e-05,100,13.3871310076129,12.131528636601,1.2131528636601,100,0.998239633219814,0.154469033740347,0.0154469033740347,100,248160.595531453,126.335488878973,12.6335488878973,0,NA,NA,NA
0.1,1000,"heterogeneous","E-CGL",100,100,0,0,100,17.98,7.59715523579502,0.759715523579502,100,0.06,0.277797979063414,0.0277797979063414,100,16,0,0,100,1.92,7.38505178715694,0.738505178715694,100,1,0,0,100,0.0107608695652174,0.0412888871510599,0.00412888871510599,100,0.950876863752352,0.150268482623661,0.0150268482623661,100,0.966296370669715,0.112269762064475,0.0112269762064475,100,0.751248020175347,0.0244784732678005,0.00244784732678005,100,0.00017680495998542,4.46067118143664e-05,4.46067118143664e-06,100,1.4014124335894,1.02684602626332,0.102684602626332,100,0.0843623033814226,0.069163195134493,0.0069163195134493,100,247873.685124111,129.663610030826,12.9663610030826,100,-247.627390708702,0.0774911521135519,0.00774911521135519
0.1,1000,"heterogeneous","E-ACGL",100,100,0,0,100,16.32,1.04330477257839,0.104330477257839,100,0.02,0.14070529413629,0.014070529413629,100,16,0,0,100,0.3,1.02985730108887,0.102985730108887,100,1,0,0,100,0.00173913043478261,0.00567013463357822,0.000567013463357822,100,0.983390167661267,0.0477128983542871,0.00477128983542871,100,0.990973536267654,0.0274204407258875,0.00274204407258875,100,0.752423095792466,0.024611883594928,0.0024611883594928,100,0.000168055224833952,1.72118965928305e-05,1.72118965928305e-06,100,1.33116169933007,0.959134212204077,0.0959134212204077,100,0.0696030522031545,0.0208313181810428,0.00208313181810428,100,247868.219202746,124.680597917961,12.4680597917961,100,-247.632699402001,0.0756371898521139,0.00756371898521139
