"scenario","method","reps","K_fit","beta","lambda_mu","lambda_kappa","lambda_eta","ARI","loglik","pen_loglik","iter","true_union_q","selected_q","TPR","FPR","Precision","F1","entry_TPR","entry_FPR","entry_Precision","entry_F1","MSE_mu","MSE_kappa","MSE_centered_eta","kappa_hat_mean","df","BIC","EBIC","rep","n","d","K_true"
"paperlike_sparse_active","Rossi path BIC",20,4,121.470278260444,NA,NA,NA,0.903171363831471,90291.304470952,89104.2095184069,2,34.1,33.55,0.904061331809884,0.0414650266561151,0.920926856377246,0.910457325059673,0.87125,0.0113888888888889,0.899612672399162,0.882924467232563,0.000131937607347379,0.586884601501333,0.108805906938956,33.6804633489165,41.95,-180292.828607951,-180099.641718648,10.5,1000,100,4
"paperlike_sparse_active","Rossi path BIC + refit",20,4,121.470278260444,NA,NA,NA,0.901812298548832,90380.601574712,NA,3.8,34.1,33.55,0.904061331809884,0.0414650266561151,0.920926856377246,0.910457325059673,NA,NA,NA,NA,0.000166433668682345,0.780066981220719,0.141040005503914,34.0619771855327,137.2,-179813.459125148,-179181.62977563,10.5,1000,100,4
"paperlike_sparse_active","Separate 2D path/grid BIC",20,4,NA,118.563651601036,0,NA,0.903171363831471,90292.8838285231,89135.7752834496,2,34.1,34.15,0.90572799847655,0.049322169513258,0.90852147370273,0.904131232913576,0.8725,0.0129166666666667,0.889431676924049,0.877847265952831,0.000131255849340664,0.589049646396789,0.107435010114523,33.6859114633293,42.55,-180291.842669925,-180095.892678512,10.5,1000,100,4
"paperlike_sparse_active","Separate 2D path/grid BIC + refit",20,4,NA,118.563651601036,0,NA,0.90194808513412,90383.0085720351,NA,3.8,34.1,34.15,0.90572799847655,0.049322169513258,0.90852147370273,0.904131232913576,NA,NA,NA,NA,0.000168447192780116,0.787582617456641,0.145691183316987,34.0702010552563,139.6,-179801.694507124,-179158.81274916,10.5,1000,100,4
"paperlike_sparse_active","Eta centered path BIC",20,4,NA,NA,NA,1.77633211680347,0.899211823239016,90300.7234796586,89897.8277441899,3.7,34.1,32.15,0.877697269672608,0.0342181029305037,0.933451552685037,0.902503419975376,NA,NA,NA,NA,0.00034586866598969,9.89428002231028,0.318489942565397,30.6032790621458,199.45,-179223.695168924,-178305.193975329,10.5,1000,100,4
"paperlike_sparse_active","Eta centered path BIC + refit",20,4,NA,NA,NA,1.77633211680347,0.902294981923753,90372.5553196703,NA,3.75,34.1,32.15,0.877697269672608,0.0342181029305037,0.933451552685037,0.902503419975376,NA,NA,NA,NA,0.000172176704488513,0.734259447420482,0.149926704216258,34.0295208696147,131.6,-179836.050044627,-179230.009648151,10.5,1000,100,4
"realistic_concdom","Rossi path BIC",20,4,129.903539138479,NA,NA,NA,0.639940072608708,97548.3223781983,95975.9582066514,2.45,19,48.85,1,0.368518518518519,0.415348304038743,0.579912787934856,0.99875,0.103472222222222,0.545966654311848,0.698452465615974,0.000189263818042469,2.38004463809071,0.186045783653052,57.8218380047138,80.2,-194542.642783022,-194173.308134106,10.5,1000,100,4
"realistic_concdom","Rossi path BIC + refit",20,4,129.903539138479,NA,NA,NA,0.626097019357273,97646.2733951054,NA,22.75,19,48.85,1,0.368518518518519,0.415348304038743,0.579912787934856,NA,NA,NA,NA,0.000260116940920121,3.24927716073008,0.413367305289092,58.2391111347345,198.4,-193922.048142861,-193008.382377961,10.5,1000,100,4
"realistic_concdom","Separate 2D path/grid BIC",20,4,NA,93.9313813673634,0.181275808337396,NA,0.641113749072001,97583.7581377054,96380.1586569077,2.35,19,67.7,1,0.601234567901235,0.3027185241018,0.457935901165926,1,0.21,0.388803692497322,0.547244979561655,0.000149415090487371,2.65753805226244,0.186408237234973,57.6651729136313,118.6,-194348.256499324,-193802.083315265,10.5,1000,100,4
"realistic_concdom","Separate 2D path/grid BIC + refit",20,4,NA,93.9313813673634,0.181275808337396,NA,0.615498768261143,97681.0272892118,NA,27.45,19,67.7,1,0.601234567901235,0.3027185241018,0.457935901165926,NA,NA,NA,NA,0.000354751521952652,3.40097052355542,0.53145055175374,58.439751746435,273.8,-193470.711183038,-192209.815586115,10.5,1000,100,4
"realistic_concdom","Eta centered path BIC",20,4,NA,NA,NA,1.75047650646161,0.567288811891468,97522.2963360074,97107.8888973578,31.5,19,37.2,0.968421052631579,0.232098765432099,0.565479384449888,0.692148785899732,NA,NA,NA,NA,0.000529183469848432,99.5418909509815,1.2589998335919,62.6810546075221,214.6,-193562.188389145,-192573.918867232,10.5,1000,100,4
"realistic_concdom","Eta centered path BIC + refit",20,4,NA,NA,NA,1.75047650646161,0.608506775691895,97605.5097257044,NA,45.95,19,37.2,0.968421052631579,0.232098765432099,0.565479384449888,0.692148785899732,NA,NA,NA,NA,0.00046148909708963,67.7372765700179,1.26210195028303,60.9872740878909,151.8,-194162.422200059,-193463.357365826,10.5,1000,100,4
"same_mu_kappa_stress","Rossi path BIC",20,4,50.4573046900714,NA,NA,NA,0.432205068982269,96895.3609849683,96199.4589299233,18.45,10,85.65,1,0.840555555555556,0.127994874227934,0.223308275616682,0.9675,0.416666666666667,0.245375649906705,0.376858805693948,0.00103752961388991,1858.20706965985,19.5014454130306,58.1465513283833,191.8,-192465.814507428,-191582.542865755,10.5,1000,100,4
"same_mu_kappa_stress","Rossi path BIC + refit",20,4,50.4573046900714,NA,NA,NA,0.420301045533802,96983.7119675017,NA,51.2,10,85.65,1,0.840555555555556,0.127994874227934,0.223308275616682,NA,NA,NA,NA,0.00148960367545409,1796.36089202133,20.3236740283135,59.4835995543875,345.6,-191580.103710587,-189988.55689431,10.5,1000,100,4
"same_mu_kappa_stress","Separate 2D path/grid BIC",20,4,NA,41.2074891255769,0.0551301447626388,NA,0.428957286701702,96910.9652831763,96312.5128578876,12.45,10,92.55,1,0.917222222222222,0.109019196803662,0.196425657643712,0.9775,0.458472222222222,0.200835639622377,0.330782276335491,0.000869510179326904,1861.08764553641,19.6532135436212,58.3792839157202,207.2,-192390.643672548,-191436.452410011,10.5,1000,100,4
"same_mu_kappa_stress","Separate 2D path/grid BIC + refit",20,4,NA,41.2074891255769,0.0551301447626388,NA,0.411612771522352,96996.4965152454,NA,44.5,10,92.55,1,0.917222222222222,0.109019196803662,0.196425657643712,NA,NA,NA,NA,0.00133649515975807,1757.40019951247,20.4333457771538,58.946785389477,373.2,-191415.018760375,-189696.369246964,10.5,1000,100,4
"same_mu_kappa_stress","Eta centered path BIC",20,4,NA,NA,NA,1.69697813782233,0.380054208633319,96758.5655769876,96452.8323272751,46.45,10,27.95,1,0.199444444444444,0.553114509921928,0.660942485176392,NA,NA,NA,NA,0.000388470473188885,1763.00447445058,17.651698498538,61.4736348456013,186.85,-192226.417080097,-191365.941030846,10.5,1000,100,4
"same_mu_kappa_stress","Eta centered path BIC + refit",20,4,NA,NA,NA,1.69697813782233,0.440117602609983,96846.1966951257,NA,39,10,27.95,1,0.199444444444444,0.553114509921928,0.660942485176392,NA,NA,NA,NA,0.000576033308291517,2091.28799976634,21.8159808078051,59.8066248329618,114.8,-192899.383084224,-192370.709546873,10.5,1000,100,4
