"scenario","method","reps","valid_reps","zero_support_reps","K_fit","beta","lambda_mu","lambda_kappa","lambda_eta","ARI","loglik","pen_loglik","iter","true_union_q","selected_q","TPR","FPR","Precision","F1","entry_TPR","entry_FPR","entry_Precision","entry_F1","MSE_mu","MSE_kappa","MSE_centered_eta","kappa_hat_mean","df","BIC","EBIC","objective","n_decrease","min_objective_diff","line_search_halving","lambda","weight_min","weight_max","common_selection_rate","specific_selection_rate","noise_selection_rate","rep","n","d","K_true","common_q","specific_q_per_component","specific_weight","true_entry_q","kappa_true_min","kappa_true_max","kappa_true_ratio","target_angle_deg","mu_pairwise_angle_mean","mu_pairwise_angle_min","mu_pairwise_angle_max"
"S1_eta_first_ablation","M-L BIC",20,20,0,4,NA,0.0467282638487063,NA,NA,0.850872805604246,247560.06842251,247559.37936312,2,16,40.65,1,0.133967391304348,0.398622873362688,0.568466344806451,NA,NA,NA,NA,0.000188693505763543,5.36153277346274,0.176025281457581,47.0305325785165,103,-494408.638051285,-493862.91136253,247559.37936312,1,-5.51517587155104e-08,25,0.0467282638487063,NA,NA,1,1,0.114722222222222,10.5,1000,200,4,4,4,NA,64,30,60,2,90,89.9975318287595,80.6453289297795,97.8913698078102
"S1_eta_first_ablation","M-L BIC + refit",20,20,0,4,NA,0.0467282638487063,NA,NA,0.853040516449486,247715.906528698,NA,5.2,16,40.65,1,0.133967391304348,0.398622873362688,0.568466344806451,NA,NA,NA,NA,0.000201474467028458,1.56424959114831,0.231996306587147,45.6253027301351,165.6,-494287.888783197,-493410.487427297,NA,NA,NA,NA,0.0467282638487063,NA,NA,1,1,0.114722222222222,10.5,1000,200,4,4,4,NA,64,30,60,2,90,89.9975318287595,80.6453289297795,97.8913698078102
"S1_eta_first_ablation","M-GL BIC",20,20,0,4,NA,0.0929986659775483,NA,NA,0.856070847986803,247615.445013057,247614.621969169,2,16,20,1,0.0217391304347826,0.8,0.888888888888889,NA,NA,NA,NA,6.99866908096129e-05,4.59315707215744,0.101955305953263,46.8525912473395,83,-494657.546337959,-494217.785996536,247614.621969169,0,0.000910859463328961,19,0.0929986659775483,NA,NA,1,1,0,10.5,1000,200,4,4,4,NA,64,30,60,2,90,89.9975318287595,80.6453289297795,97.8913698078102
"S1_eta_first_ablation","M-GL BIC + refit",20,20,0,4,NA,0.0929986659775483,NA,NA,0.858697993022275,247627.406798593,NA,3.1,16,20,1,0.0217391304347826,0.8,0.888888888888889,NA,NA,NA,NA,5.4303203751547e-05,1.17362347767365,0.0718149038342433,45.0177253157738,83,-494681.469909031,-494241.709567608,NA,NA,NA,NA,0.0929986659775483,NA,NA,1,1,0,10.5,1000,200,4,4,4,NA,64,30,60,2,90,89.9975318287595,80.6453289297795,97.8913698078102
"S1_eta_first_ablation","M-AGL BIC",20,20,0,4,NA,0.216415135313664,NA,NA,0.85804807646358,247619.064437195,247618.871532411,2.15,16,20,1,0.0217391304347826,0.8,0.888888888888889,NA,NA,NA,NA,5.93159226348142e-05,4.64080151990327,0.0927551268571346,46.8653183403711,83,-494664.785186235,-494225.024844811,247618.871532411,0,0.00715214706433471,3.8,0.216415135313664,0.08418764470391,6.02250619542078,1,1,0,10.5,1000,200,4,4,4,NA,64,30,60,2,90,89.9975318287595,80.6453289297795,97.8913698078102
"S1_eta_first_ablation","M-AGL BIC + refit",20,20,0,4,NA,0.216415135313664,NA,NA,0.858696149726573,247627.407665815,NA,3.05,16,20,1,0.0217391304347826,0.8,0.888888888888889,NA,NA,NA,NA,5.42550024173866e-05,1.17151932262622,0.0717669163395497,45.0168457007854,83,-494681.471643474,-494241.711302051,NA,NA,NA,NA,0.216415135313664,0.08418764470391,6.02250619542078,1,1,0,10.5,1000,200,4,4,4,NA,64,30,60,2,90,89.9975318287595,80.6453289297795,97.8913698078102
"S1_eta_first_ablation","M-CGL BIC",20,20,0,4,NA,0.0739230746817451,NA,NA,0.859451509662666,247548.155799053,247547.649463959,2.65,16,21,1,0.0271739130434783,0.764024091850179,0.865658046710678,NA,NA,NA,NA,0.000115583248127192,4.23077358028343,0.11996504609623,46.7209460392644,87,-494495.336888835,-494034.383277945,247547.649463959,0.9,0.000533937245199922,24.05,0.0739230746817451,NA,NA,1,1,0.00555555555555556,10.5,1000,200,4,4,4,NA,64,30,60,2,90,89.9975318287595,80.6453289297795,97.8913698078102
"S1_eta_first_ablation","M-CGL BIC + refit",20,20,0,4,NA,0.0739230746817451,NA,NA,0.856687679339531,247634.486570593,NA,4.2,16,21,1,0.0271739130434783,0.764024091850179,0.865658046710678,NA,NA,NA,NA,6.68588099865573e-05,1.19322005580657,0.0874498554759515,45.0503517809263,87,-494667.998431916,-494207.044821026,NA,NA,NA,NA,0.0739230746817451,NA,NA,1,1,0.00555555555555556,10.5,1000,200,4,4,4,NA,64,30,60,2,90,89.9975318287595,80.6453289297795,97.8913698078102
"S1_eta_first_ablation","E-L BIC",20,20,0,4,NA,NA,NA,1.87187201738759,0.850304401405276,247492.530677352,246436.959930154,2,16,43.65,1,0.150271739130435,0.377726720697668,0.54516811145079,NA,NA,NA,NA,0.000167595255390288,55.394801433005,0.326357111333982,37.659793071032,106.3,-494250.766968548,-493687.555832484,246436.959930154,0.35,-8.82282620295882e-09,24.85,1.87187201738759,NA,NA,1,1,0.131388888888889,10.5,1000,200,4,4,4,NA,64,30,60,2,90,89.9975318287595,80.6453289297795,97.8913698078102
"S1_eta_first_ablation","E-L BIC + refit",20,20,0,4,NA,NA,NA,1.87187201738759,0.853357952417533,247731.829832568,NA,5.45,16,43.65,1,0.150271739130435,0.377726720697668,0.54516811145079,NA,NA,NA,NA,0.000196271139968696,1.50361923582881,0.254287234235357,45.6210328716291,177.6,-494236.842327588,-493295.861163289,NA,NA,NA,NA,1.87187201738759,NA,NA,1,1,0.131388888888889,10.5,1000,200,4,4,4,NA,64,30,60,2,90,89.9975318287595,80.6453289297795,97.8913698078102
"S1_eta_first_ablation","E-GL BIC",20,20,0,4,NA,NA,NA,3.29327022077044,0.849824353626838,247506.333095994,246393.289478201,2,16,21.15,1,0.0279891304347826,0.758656126482213,0.86218088533878,NA,NA,NA,NA,6.88794529953805e-05,60.1983254006977,0.305744999538016,37.4890149578507,87.6,-494407.546829549,-493943.41422824,246393.289478201,0.05,0.000111876854498405,22.95,3.29327022077044,NA,NA,1,1,0.00638888888888889,10.5,1000,200,4,4,4,NA,64,30,60,2,90,89.9975318287595,80.6453289297795,97.8913698078102
"S1_eta_first_ablation","E-GL BIC + refit",20,20,0,4,NA,NA,NA,3.29327022077044,0.858209765567852,247636.755915579,NA,6.25,16,21.15,1,0.0279891304347826,0.758656126482213,0.86218088533878,NA,NA,NA,NA,6.67398370553387e-05,1.19875934956319,0.0892520507914898,45.0566433047319,87.6,-494668.392468719,-494204.259867409,NA,NA,NA,NA,3.29327022077044,NA,NA,1,1,0.00638888888888889,10.5,1000,200,4,4,4,NA,64,30,60,2,90,89.9975318287595,80.6453289297795,97.8913698078102
"S1_eta_first_ablation","E-CL BIC",20,20,0,4,NA,NA,NA,1.78844791704376,0.85389513966084,247624.296910491,246814.790203792,2.35,16,19.05,1,0.0165760869565217,0.846209705850304,0.915005434417199,NA,NA,NA,NA,0.000271503669685392,25.4070279843285,0.286578573687554,40.1408742556527,72.7,-494746.4000122,-494361.212339652,246814.790203792,0.05,0.00107389379845699,23.5,1.78844791704376,NA,NA,0.0125,1,0.0166666666666667,10.5,1000,200,4,4,4,NA,64,30,60,2,90,89.9975318287595,80.6453289297795,97.8913698078102
"S1_eta_first_ablation","E-CL BIC + refit",20,20,0,4,NA,NA,NA,1.78844791704376,0.860335227625098,246626.05171744,NA,5.95,16,19.05,1,0.0165760869565217,0.846209705850304,0.915005434417199,NA,NA,NA,NA,0.00153254810239434,39.2745445768549,0.0984531102866119,39.1043968501361,79.2,-492705.009216785,-492285.382481354,NA,NA,NA,NA,1.78844791704376,NA,NA,0.0125,1,0.0166666666666667,10.5,1000,200,4,4,4,NA,64,30,60,2,90,89.9975318287595,80.6453289297795,97.8913698078102
"S1_eta_first_ablation","E-CGL BIC",20,20,0,4,NA,NA,NA,2.93716768188382,0.855375724471121,247633.22744254,246844.060651445,2.25,16,17.5,1,0.00815217391304348,0.922151948498698,0.957542424013012,NA,NA,NA,NA,0.000239793200998077,23.371323083155,0.247583056797446,40.4249160154985,255.5,-493501.5234113,-492147.803324147,246844.060651445,0,0.0014788849875913,21.4,2.93716768188382,NA,NA,0,1,0.00833333333333333,10.5,1000,200,4,4,4,NA,64,30,60,2,90,89.9975318287595,80.6453289297795,97.8913698078102
"S1_eta_first_ablation","E-CGL BIC + refit",20,20,0,4,NA,NA,NA,2.93716768188382,0.860507172198138,246604.264057406,NA,5.8,16,17.5,1,0.00815217391304348,0.922151948498698,0.957542424013012,NA,NA,NA,NA,0.00153807843780276,40.9940169861035,0.0793557818741754,38.9607034490793,73,-492704.261979447,-492317.484811689,NA,NA,NA,NA,2.93716768188382,NA,NA,0,1,0.00833333333333333,10.5,1000,200,4,4,4,NA,64,30,60,2,90,89.9975318287595,80.6453289297795,97.8913698078102
"S1_eta_first_ablation","E-CAGL BIC",20,20,0,4,NA,NA,NA,7.66053231104448,0.860184732227063,247706.354109861,247515.58415496,2,16,16.05,1,0.000271739130434783,0.997058823529412,0.998484848484849,NA,NA,NA,NA,0.000170754442168575,1.29209233313042,0.0668566143786798,44.4544662386452,251.15,-493677.825481405,-492347.153074796,247515.58415496,0,0.00100863150728401,12.8,7.66053231104448,0.0614128443659616,8.25059188234892,0,1,0.000277777777777778,10.5,1000,200,4,4,4,NA,64,30,60,2,90,89.9975318287595,80.6453289297795,97.8913698078102
"S1_eta_first_ablation","E-CAGL BIC + refit",20,20,0,4,NA,NA,NA,7.66053231104448,0.860350993076827,246593.781766362,NA,4,16,16.05,1,0.000271739130434783,0.997058823529412,0.998484848484849,NA,NA,NA,NA,0.00152185610631932,41.8705725490512,0.0572979533681805,38.8922958225481,67.2,-492723.362377976,-492367.315450944,NA,NA,NA,NA,7.66053231104448,0.0614128443659616,8.25059188234892,0,1,0.000277777777777778,10.5,1000,200,4,4,4,NA,64,30,60,2,90,89.9975318287595,80.6453289297795,97.8913698078102
