"method","K_fit","beta","lambda_mu","lambda_kappa","lambda_eta","ARI","loglik","pen_loglik","converged","iter","true_union_q","selected_q","TPR","FPR","Precision","F1","entry_TPR","entry_FPR","entry_Precision","entry_F1","MSE_mu","MSE_kappa","MSE_centered_eta","kappa_hat_mean","df","BIC","EBIC","scenario","rep","n","d","K_true","q_active_common","mu_pairwise_cos_target","mu_pairwise_cos_mean","kappa_true_min","kappa_true_max","kappa_true_ratio"
"Rossi path BIC",4,34.5386658944317,NA,NA,NA,0.521461812273403,97720.6146825403,97234.8400691621,FALSE,100,10,99,1,0.988888888888889,0.101010101010101,0.18348623853211,1,0.541666666666667,0.170212765957447,0.290909090909091,0.000234593423851502,4.70847058274031,0.341169882134978,58.0010085756546,238,-193797.183608683,-192701.153104418,"controlled_concdom_common_support",1,1000,100,4,10,0.95,0.95,25,100,4
"Rossi path BIC + refit",4,34.5386658944317,NA,NA,NA,0.4634227071182,97794.8164102942,NA,TRUE,51,10,99,1,0.988888888888889,0.101010101010101,0.18348623853211,NA,NA,NA,NA,0.00142870448229532,6.56457818874497,1.16537556536628,57.7544347586903,399,-192833.438464274,-190995.975560065,"controlled_concdom_common_support",1,1000,100,4,10,0.95,0.95,25,100,4
"Separate 2D path/grid BIC",4,NA,34.751681088066,0,NA,0.526695801420374,97721.4184242928,97231.5015143898,FALSE,100,10,99,1,0.988888888888889,0.101010101010101,0.18348623853211,1,0.536111111111111,0.171673819742489,0.293040293040293,0.000210069709556198,4.63319989994448,0.330428915295661,58.1606690618919,236,-193812.606602746,-192725.786438853,"controlled_concdom_common_support",1,1000,100,4,10,0.95,0.95,25,100,4
"Separate 2D path/grid BIC + refit",4,NA,34.751681088066,0,NA,0.4634227071182,97794.8128832569,NA,TRUE,55,10,99,1,0.988888888888889,0.101010101010101,0.18348623853211,NA,NA,NA,NA,0.00142757084213328,6.54750683371025,1.16452634404318,57.7556296248724,399,-192833.4314102,-190995.968505991,"controlled_concdom_common_support",1,1000,100,4,10,0.95,0.95,25,100,4
"Eta centered path BIC",4,NA,NA,NA,1.4127159321244,0.487169042191895,97589.5607260539,97356.2165951851,TRUE,26,10,30,1,0.222222222222222,0.333333333333333,0.5,NA,NA,NA,NA,0.000223417731611524,145.170803985629,1.04950638057421,65.4611658967911,193,-193845.924683264,-192957.126837368,"controlled_concdom_common_support",1,1000,100,4,10,0.95,0.95,25,100,4
"Eta centered path BIC + refit",4,NA,NA,NA,1.4127159321244,0.482062041552394,97645.5632202955,NA,TRUE,70,10,30,1,0.222222222222222,0.333333333333333,0.5,NA,NA,NA,NA,0.000201242572517278,51.3352520191275,0.730952654164931,62.6157172364123,123,-194441.472541276,-193875.0366084,"controlled_concdom_common_support",1,1000,100,4,10,0.95,0.95,25,100,4
"Rossi path BIC",4,30.4598317899535,NA,NA,NA,0.481217011516878,97961.2921868572,97479.4366489409,TRUE,2,10,97,1,0.966666666666667,0.103092783505155,0.186915887850467,1,0.638888888888889,0.148148148148148,0.258064516129032,0.000844804392891972,40.1749488562151,1.12766825113487,60.4937401538614,273,-194036.767182552,-192779.555721778,"controlled_concdom_common_support",2,1000,100,4,10,0.95,0.95,25,100,4
"Rossi path BIC + refit",4,30.4598317899535,NA,NA,NA,0.482151495027427,98013.6581177552,NA,TRUE,46,10,97,1,0.966666666666667,0.103092783505155,0.186915887850467,NA,NA,NA,NA,0.00179276850966424,75.3600638131626,2.36668188599803,61.8614781961366,391,-193326.383921428,-191525.762378707,"controlled_concdom_common_support",2,1000,100,4,10,0.95,0.95,25,100,4
"Separate 2D path/grid BIC",4,NA,40.6859740609712,0,NA,0.547359243025592,97918.5671400387,97344.6246119562,TRUE,2,10,96,1,0.955555555555556,0.104166666666667,0.188679245283019,1,0.513888888888889,0.177777777777778,0.30188679245283,0.000128907166864812,20.8840723717498,0.35537415854457,61.6346696364205,228,-194262.16607647,-193212.187274064,"controlled_concdom_common_support",2,1000,100,4,10,0.95,0.95,25,100,4
"Separate 2D path/grid BIC + refit",4,NA,40.6859740609712,0,NA,0.478654813334636,97999.4016713344,NA,TRUE,62,10,96,1,0.955555555555556,0.104166666666667,0.188679245283019,NA,NA,NA,NA,0.000707537632092947,20.4356257533552,1.15688794597102,61.3141313107259,387,-193325.502049703,-191543.301187725,"controlled_concdom_common_support",2,1000,100,4,10,0.95,0.95,25,100,4
"Eta centered path BIC",4,NA,NA,NA,1.35800543731882,0.484029224562343,97837.0136733253,97553.3496705967,TRUE,4,10,47,1,0.411111111111111,0.212765957446809,0.350877192982456,NA,NA,NA,NA,0.000380130635548111,150.081241696042,1.11047103139923,66.895858746889,244,-193988.535058579,-192864.873533198,"controlled_concdom_common_support",2,1000,100,4,10,0.95,0.95,25,100,4
"Eta centered path BIC + refit",4,NA,NA,NA,1.35800543731882,0.493096630085957,97903.8657729625,NA,TRUE,15,10,47,1,0.411111111111111,0.212765957446809,0.350877192982456,NA,NA,NA,NA,0.000628853459841288,160.884283815634,2.03543120837918,67.1442008676541,191,-194488.350287639,-193608.762782116,"controlled_concdom_common_support",2,1000,100,4,10,0.95,0.95,25,100,4
"Rossi path BIC",4,43.0754710371824,NA,NA,NA,0.577905016298531,97924.7112021457,97324.0567214062,TRUE,2,10,96,1,0.955555555555556,0.104166666666667,0.188679245283019,1,0.477777777777778,0.188679245283019,0.317460317460317,8.78484218478333e-05,6.78622038099043,0.233643874140498,59.323313913385,215,-194364.25501931,-193374.143429323,"controlled_concdom_common_support",3,1000,100,4,10,0.95,0.95,25,100,4
"Rossi path BIC + refit",4,43.0754710371824,NA,NA,NA,0.493524623000343,98003.1174138604,NA,TRUE,46,10,96,1,0.955555555555556,0.104166666666667,0.188679245283019,NA,NA,NA,NA,0.000503752180191151,13.4741335897458,0.871266554266383,60.5868137221421,387,-193332.933534755,-191550.732672777,"controlled_concdom_common_support",3,1000,100,4,10,0.95,0.95,25,100,4
"Separate 2D path/grid BIC",4,NA,54.1846671338693,0,NA,0.564409673107769,97893.2446415119,97173.4435991669,TRUE,9,10,90,1,0.888888888888889,0.111111111111111,0.2,1,0.341666666666667,0.245398773006135,0.394088669950739,7.23247628482902e-05,4.3763024877466,0.181837155667922,58.0748351891924,166,-194639.801906713,-193875.343655839,"controlled_concdom_common_support",3,1000,100,4,10,0.95,0.95,25,100,4
"Separate 2D path/grid BIC + refit",4,NA,54.1846671338693,0,NA,0.498637637314315,97999.0281281642,NA,TRUE,49,10,90,1,0.888888888888889,0.111111111111111,0.2,NA,NA,NA,NA,0.000562932989415394,5.78480261912662,0.835804138366547,59.5609651914182,363,-193490.541090058,-191818.864312544,"controlled_concdom_common_support",3,1000,100,4,10,0.95,0.95,25,100,4
"Eta centered path BIC",4,NA,NA,NA,1.44462176864875,0.514918854154929,97807.9468070986,97573.4115117623,TRUE,38,10,20,1,0.111111111111111,0.5,0.666666666666667,NA,NA,NA,NA,0.000133449481802492,55.2590333029888,0.396228993939403,61.9928132578057,163,-194489.929503723,-193739.286763407,"controlled_concdom_common_support",3,1000,100,4,10,0.95,0.95,25,100,4
"Eta centered path BIC + refit",4,NA,NA,NA,1.44462176864875,0.563028115894962,97846.8878301768,NA,TRUE,42,10,20,1,0.111111111111111,0.5,0.666666666666667,NA,NA,NA,NA,9.95404658707114e-05,5.97240829475865,0.216835673989153,59.0146257314944,83,-195120.431972198,-194738.202846761,"controlled_concdom_common_support",3,1000,100,4,10,0.95,0.95,25,100,4
"Rossi path BIC",4,28.1531618235301,NA,NA,NA,0.51281167716787,97939.996472989,97474.621893574,TRUE,2,10,100,1,1,0.1,0.181818181818182,0.975,0.675,0.138297872340426,0.242236024844721,0.0013846314367288,110.915426011259,2.24232173630108,58.8756369104252,285,-193911.282691468,-192598.809188462,"controlled_concdom_common_support",4,1000,100,4,10,0.95,0.95,25,100,4
"Rossi path BIC + refit",4,28.1531618235301,NA,NA,NA,0.511844633635782,97989.8834223005,NA,TRUE,53,10,100,1,1,0.1,0.181818181818182,NA,NA,NA,NA,0.00205554907264985,132.897354147999,3.14009672513867,59.5196621385855,403,-193195.941467171,-191340.057882218,"controlled_concdom_common_support",4,1000,100,4,10,0.95,0.95,25,100,4
"Separate 2D path/grid BIC",4,NA,16.376373110478,2.0889728051683,NA,0.487327190908949,97896.7652561483,97245.7036721103,FALSE,100,10,100,1,1,0.1,0.181818181818182,0.975,0.630555555555556,0.146616541353383,0.254901960784314,0.000935772347229746,57.2647999557861,0.485849301977923,50.1618197904693,269,-193935.34434225,-192696.55356222,"controlled_concdom_common_support",4,1000,100,4,10,0.95,0.95,25,100,4
"Separate 2D path/grid BIC + refit",4,NA,16.376373110478,2.0889728051683,NA,0.503200125418886,97981.72688463,NA,TRUE,82,10,100,1,1,0.1,0.181818181818182,NA,NA,NA,NA,0.00177502756820874,70.1485277825406,2.12026782870067,58.0347580276224,403,-193179.62839183,-191323.744806877,"controlled_concdom_common_support",4,1000,100,4,10,0.95,0.95,25,100,4
"Eta centered path BIC",4,NA,NA,NA,1.71386825745408,0.517890446453585,97773.4067273999,97499.6129037882,TRUE,3,10,23,1,0.144444444444444,0.434782608695652,0.606060606060606,NA,NA,NA,NA,0.000221541252865318,94.0570001822074,0.777054673021323,62.9595743741078,172,-194358.679546815,-193566.590274825,"controlled_concdom_common_support",4,1000,100,4,10,0.95,0.95,25,100,4
"Eta centered path BIC + refit",4,NA,NA,NA,1.71386825745408,0.553834415865681,97843.189963504,NA,TRUE,53,10,23,1,0.144444444444444,0.434782608695652,0.606060606060606,NA,NA,NA,NA,0.000224049435638478,13.8778429399884,0.449014394884698,59.6910904550022,95,-195030.143175505,-194592.652007836,"controlled_concdom_common_support",4,1000,100,4,10,0.95,0.95,25,100,4
"Rossi path BIC",4,21.7066215431356,NA,NA,NA,0.494253165036523,97851.8092156958,97515.1895888483,TRUE,2,10,99,1,0.988888888888889,0.101010101010101,0.18348623853211,1,0.733333333333333,0.131578947368421,0.232558139534884,0.000258607154912406,8.87413123235828,0.464034194872714,60.2499488695594,307,-193582.937560744,-192169.150313646,"controlled_concdom_common_support",5,1000,100,4,10,0.95,0.95,25,100,4
"Rossi path BIC + refit",4,21.7066215431356,NA,NA,NA,0.476619343425912,97877.8154264758,NA,TRUE,82,10,99,1,0.988888888888889,0.101010101010101,0.18348623853211,NA,NA,NA,NA,0.000548480465332575,3.70147118014019,0.761719727543741,59.3762813229177,399,-192999.436496638,-191161.973592428,"controlled_concdom_common_support",5,1000,100,4,10,0.95,0.95,25,100,4
"Separate 2D path/grid BIC",4,NA,31.8359515548123,0,NA,0.505821183550931,97829.2861834784,97362.7008993739,TRUE,2,10,98,1,0.977777777777778,0.102040816326531,0.185185185185185,1,0.608333333333333,0.154440154440154,0.267558528428094,0.000185864621363458,5.72219251630314,0.336552126264501,59.7196996581704,262,-193848.740483863,-192642.185895135,"controlled_concdom_common_support",5,1000,100,4,10,0.95,0.95,25,100,4
"Separate 2D path/grid BIC + refit",4,NA,31.8359515548123,0,NA,0.479273580099543,97877.5721953726,NA,TRUE,54,10,98,1,0.977777777777778,0.102040816326531,0.185185185185185,NA,NA,NA,NA,0.000543152915280027,3.8164694888715,0.759500783500593,59.4097802959994,395,-193026.581055547,-191207.538832082,"controlled_concdom_common_support",5,1000,100,4,10,0.95,0.95,25,100,4
"Eta centered path BIC",4,NA,NA,NA,1.10632271810391,0.489747587221765,97725.5624867342,97521.153645447,TRUE,68,10,37,1,0.3,0.27027027027027,0.425531914893617,NA,NA,NA,NA,0.000208754843207486,51.817002163666,0.449532700223605,62.5463579475606,214,-193972.865343766,-192987.358923965,"controlled_concdom_common_support",5,1000,100,4,10,0.95,0.95,25,100,4
"Eta centered path BIC + refit",4,NA,NA,NA,1.10632271810391,0.512004574136101,97778.0167916594,NA,TRUE,62,10,37,1,0.3,0.27027027027027,0.425531914893617,NA,NA,NA,NA,0.000270495411837809,3.482919120656,0.426446859298536,59.2656957068516,151,-194512.962536192,-193817.581838108,"controlled_concdom_common_support",5,1000,100,4,10,0.95,0.95,25,100,4
"Rossi path BIC",4,20.2458375789165,NA,NA,NA,0.526198697701964,98121.7791007686,97785.126769901,TRUE,2,10,100,1,1,0.1,0.181818181818182,1,0.755555555555556,0.128205128205128,0.227272727272727,0.000762472831921662,53.7217176765841,1.7612094543675,62.0365810958243,315,-194067.615288658,-192616.986680072,"controlled_concdom_common_support",6,1000,100,4,10,0.95,0.95,25,100,4
"Rossi path BIC + refit",4,20.2458375789165,NA,NA,NA,0.499659549366294,98145.402620375,NA,TRUE,15,10,100,1,1,0.1,0.181818181818182,NA,NA,NA,NA,0.00114995872683135,61.7764421792782,2.56975628343892,62.1219096811987,403,-193506.97986332,-191651.096278367,"controlled_concdom_common_support",6,1000,100,4,10,0.95,0.95,25,100,4
"Separate 2D path/grid BIC",4,NA,35.2739341616695,0,NA,0.563770522871123,98071.1219832347,97568.2886415738,TRUE,2,10,98,1,0.977777777777778,0.102040816326531,0.185185185185185,1,0.544444444444444,0.169491525423729,0.289855072463768,0.000165067007175428,18.5188339265267,0.458952140369368,60.4842900410259,239,-194491.290454793,-193390.654780341,"controlled_concdom_common_support",6,1000,100,4,10,0.95,0.95,25,100,4
"Separate 2D path/grid BIC + refit",4,NA,35.2739341616695,0,NA,0.514875563486889,98131.5443166763,NA,TRUE,49,10,98,1,0.977777777777778,0.102040816326531,0.185185185185185,NA,NA,NA,NA,0.00051244357190838,43.1229123543584,1.28949063489459,62.0329270130732,395,-193534.525298155,-191715.483074689,"controlled_concdom_common_support",6,1000,100,4,10,0.95,0.95,25,100,4
"Eta centered path BIC",4,NA,NA,NA,1.78681135449163,0.480862667307906,97935.5530321855,97516.9795801188,TRUE,5,10,47,1,0.411111111111111,0.212765957446809,0.350877192982456,NA,NA,NA,NA,0.000615025880447083,334.882430666638,3.28008038973378,68.0824743148367,244,-194185.613776299,-193061.952250918,"controlled_concdom_common_support",6,1000,100,4,10,0.95,0.95,25,100,4
"Eta centered path BIC + refit",4,NA,NA,NA,1.78681135449163,0.531708957737157,98044.8287465466,NA,TRUE,16,10,47,1,0.411111111111111,0.212765957446809,0.350877192982456,NA,NA,NA,NA,0.000855988779940898,329.209396472482,4.47934295503374,67.2055718461777,191,-194770.276234808,-193890.688729284,"controlled_concdom_common_support",6,1000,100,4,10,0.95,0.95,25,100,4
"Rossi path BIC",4,27.2792803042495,NA,NA,NA,0.506535163357886,97855.2188526404,97422.5799540676,TRUE,2,10,100,1,1,0.1,0.181818181818182,1,0.705555555555556,0.136054421768707,0.239520958083832,0.000510792267661275,494.004549729727,5.08061537447471,66.2916767295473,297,-193658.834387423,-192291.098842185,"controlled_concdom_common_support",7,1000,100,4,10,0.95,0.95,25,100,4
"Rossi path BIC + refit",4,27.2792803042495,NA,NA,NA,0.506385694896525,97892.0381668873,NA,TRUE,17,10,100,1,1,0.1,0.181818181818182,NA,NA,NA,NA,0.00094815213804743,599.116426074194,6.63854690270359,67.0198634454313,403,-193000.250956345,-191144.367371392,"controlled_concdom_common_support",7,1000,100,4,10,0.95,0.95,25,100,4
"Separate 2D path/grid BIC",4,NA,28.7003551344481,0,NA,0.508969259076281,97851.030819237,97400.2242495757,TRUE,2,10,100,1,1,0.1,0.181818181818182,1,0.686111111111111,0.139372822299652,0.244648318042813,0.00048979225730142,475.933763261306,4.90395072698359,66.0666235131434,290,-193698.812607569,-192363.313253633,"controlled_concdom_common_support",7,1000,100,4,10,0.95,0.95,25,100,4
"Separate 2D path/grid BIC + refit",4,NA,28.7003551344481,0,NA,0.506385694896525,97892.0392277824,NA,TRUE,18,10,100,1,1,0.1,0.181818181818182,NA,NA,NA,NA,0.0009483758228294,598.968896017483,6.63775115288653,67.0168941259295,403,-193000.253078135,-191144.369493182,"controlled_concdom_common_support",7,1000,100,4,10,0.95,0.95,25,100,4
"Eta centered path BIC",4,NA,NA,NA,1.11603032823023,0.549885786966663,97747.7263175229,97511.7267430372,FALSE,100,10,52,1,0.466666666666667,0.192307692307692,0.32258064516129,NA,NA,NA,NA,0.00032033067240769,35.933086625111,0.552307660758537,60.98645243129,259,-193706.34401779,-192513.604939619,"controlled_concdom_common_support",7,1000,100,4,10,0.95,0.95,25,100,4
"Eta centered path BIC + refit",4,NA,NA,NA,1.11603032823023,0.541697107501161,97807.1556509977,NA,TRUE,21,10,52,1,0.466666666666667,0.192307692307692,0.32258064516129,NA,NA,NA,NA,0.000742264363383187,25.238641242705,1.34133047617868,60.8058010397185,211,-194156.77493813,-193185.084028887,"controlled_concdom_common_support",7,1000,100,4,10,0.95,0.95,25,100,4
"Rossi path BIC",4,29.1375539901135,NA,NA,NA,0.45661548149722,97889.6525251103,97423.7806525718,TRUE,3,10,97,1,0.966666666666667,0.103092783505155,0.186915887850467,1,0.641666666666667,0.14760147601476,0.257234726688103,0.000542508755329509,66.635893698039,1.25956571132502,59.1685401729209,274,-193886.58010378,-192624.763472819,"controlled_concdom_common_support",8,1000,100,4,10,0.95,0.95,25,100,4
"Rossi path BIC + refit",4,29.1375539901135,NA,NA,NA,0.430436079429761,97931.6906171856,NA,TRUE,16,10,97,1,0.966666666666667,0.103092783505155,0.186915887850467,NA,NA,NA,NA,0.00101544948756052,73.1537167563746,1.84416039003025,59.4512045997621,391,-193162.448920289,-191361.827377568,"controlled_concdom_common_support",8,1000,100,4,10,0.95,0.95,25,100,4
"Separate 2D path/grid BIC",4,NA,40.9138156911278,0,NA,0.502800364423682,97808.0146487977,97337.7160638627,TRUE,2,10,92,1,0.911111111111111,0.108695652173913,0.196078431372549,0.775,0.386111111111111,0.182352941176471,0.295238095238095,0.00262894959973311,28.2720249767556,1.75769450151369,57.2936179809309,174,-194414.079879053,-193612.780266691,"controlled_concdom_common_support",8,1000,100,4,10,0.95,0.95,25,100,4
"Separate 2D path/grid BIC + refit",4,NA,40.9138156911278,0,NA,0.465134561609013,97906.3366085109,NA,TRUE,7,10,92,1,0.911111111111111,0.108695652173913,0.196078431372549,NA,NA,NA,NA,0.00312093104948669,673.056355860414,9.5373185182947,68.6860178237336,371,-193249.896008519,-191541.377869518,"controlled_concdom_common_support",8,1000,100,4,10,0.95,0.95,25,100,4
"Eta centered path BIC",4,NA,NA,NA,1.90002717406496,0.460920365738628,97713.0661520653,97327.049022131,TRUE,3,10,34,1,0.266666666666667,0.294117647058824,0.454545454545455,NA,NA,NA,NA,0.000540899197256826,270.691135522088,2.46294717907935,67.7740675514956,205,-194010.042471939,-193065.982583812,"controlled_concdom_common_support",8,1000,100,4,10,0.95,0.95,25,100,4
"Eta centered path BIC + refit",4,NA,NA,NA,1.90002717406496,0.508339311700261,97816.6549247655,NA,TRUE,15,10,34,1,0.266666666666667,0.294117647058824,0.454545454545455,NA,NA,NA,NA,0.000737818508614235,231.913410074537,3.01997395188105,66.7169083951043,139,-194673.131865752,-194033.0132099,"controlled_concdom_common_support",8,1000,100,4,10,0.95,0.95,25,100,4
"Rossi path BIC",4,33.776923884095,NA,NA,NA,0.54900020271004,97561.0725766769,97073.6026902259,TRUE,2,10,99,1,0.988888888888889,0.101010101010101,0.18348623853211,1,0.538888888888889,0.170940170940171,0.291970802919708,0.000190880228031977,6.46033827794359,0.423228241909304,59.0510641928835,237,-193485.007152235,-192393.581818156,"controlled_concdom_common_support",9,1000,100,4,10,0.95,0.95,25,100,4
"Rossi path BIC + refit",4,33.776923884095,NA,NA,NA,0.494155342715539,97619.69417432,NA,TRUE,52,10,99,1,0.988888888888889,0.101010101010101,0.18348623853211,NA,NA,NA,NA,0.000581554484350115,6.91209578130011,0.948877236432774,59.3545901809356,399,-192483.193992326,-190645.731088117,"controlled_concdom_common_support",9,1000,100,4,10,0.95,0.95,25,100,4
"Separate 2D path/grid BIC",4,NA,31.5551814151214,0,NA,0.505210556867591,97545.9296179497,97100.518152984,TRUE,7,10,98,1,0.977777777777778,0.102040816326531,0.185185185185185,0.9,0.527777777777778,0.15929203539823,0.270676691729323,0.00196698976227569,2402.90057015653,31.0356560345933,60.2470931749788,229,-193509.983277013,-192455.399304421,"controlled_concdom_common_support",9,1000,100,4,10,0.95,0.95,25,100,4
"Separate 2D path/grid BIC + refit",4,NA,31.5551814151214,0,NA,0.496867180837082,97617.5808983163,NA,TRUE,9,10,98,1,0.977777777777778,0.102040816326531,0.185185185185185,NA,NA,NA,NA,0.00260020525117709,287.988850449347,5.24508237625612,63.4301394810414,395,-192506.598461435,-190687.556237969,"controlled_concdom_common_support",9,1000,100,4,10,0.95,0.95,25,100,4
"Eta centered path BIC",4,NA,NA,NA,1.80478238802175,0.434234982043187,97354.8492778765,97089.9885385098,TRUE,29,10,15,1,0.0555555555555556,0.666666666666667,0.8,NA,NA,NA,NA,0.000307812776325058,472.097493074991,3.96334532099793,67.8175530816198,148,-193687.350774464,-193005.785586937,"controlled_concdom_common_support",9,1000,100,4,10,0.95,0.95,25,100,4
"Eta centered path BIC + refit",4,NA,NA,NA,1.80478238802175,0.513452633274579,97412.3288565571,NA,TRUE,75,10,15,1,0.0555555555555556,0.666666666666667,0.8,NA,NA,NA,NA,0.0004464951477372,434.059549554995,4.38212907134693,65.0159106112288,63,-194389.469130538,-194099.343408821,"controlled_concdom_common_support",9,1000,100,4,10,0.95,0.95,25,100,4
"Rossi path BIC",4,19.4361450060409,NA,NA,NA,0.490031621445188,97606.7439281839,97273.3347770548,TRUE,2,10,100,1,1,0.1,0.181818181818182,1,0.805555555555556,0.121212121212121,0.216216216216216,0.000870587819849337,33.5600565423629,1.62882341704507,61.6535957197174,333,-192913.205348467,-191379.683676533,"controlled_concdom_common_support",10,1000,100,4,10,0.95,0.95,25,100,4
"Rossi path BIC + refit",4,19.4361450060409,NA,NA,NA,0.471930452335366,97627.9379495791,NA,TRUE,44,10,100,1,1,0.1,0.181818181818182,NA,NA,NA,NA,0.00137307320361623,54.3111874366951,2.75060972360054,62.4306585371137,403,-192472.050521728,-190616.166936775,"controlled_concdom_common_support",10,1000,100,4,10,0.95,0.95,25,100,4
"Separate 2D path/grid BIC",4,NA,35.1840294103565,1.81646896752991,NA,0.50299124240615,97538.061222875,96636.5041150357,TRUE,4,10,98,1,0.977777777777778,0.102040816326531,0.185185185185185,1,0.519444444444444,0.176211453744493,0.299625468164794,0.00023436169294953,14.1991164520337,0.312880784621651,54.4593138538732,230,-193487.338731584,-192428.149588807,"controlled_concdom_common_support",10,1000,100,4,10,0.95,0.95,25,100,4
"Separate 2D path/grid BIC + refit",4,NA,35.1840294103565,1.81646896752991,NA,0.457616207864604,97623.893657906,NA,FALSE,100,10,98,1,0.977777777777778,0.102040816326531,0.185185185185185,NA,NA,NA,NA,0.00090258237526516,12.1720305455285,1.05802815230162,57.8140970246219,395,-192519.223980614,-190700.181757149,"controlled_concdom_common_support",10,1000,100,4,10,0.95,0.95,25,100,4
"Eta centered path BIC",4,NA,NA,NA,2.24813788557737,0.453264618129405,97331.8725536211,96986.2195769368,TRUE,94,10,16,1,0.0666666666666667,0.625,0.769230769230769,NA,NA,NA,NA,0.000298780046459381,325.614176186854,2.41095111723487,68.6193318055301,151,-193620.674060116,-192925.293362032,"controlled_concdom_common_support",10,1000,100,4,10,0.95,0.95,25,100,4
"Eta centered path BIC + refit",4,NA,NA,NA,2.24813788557737,0.496700579917967,97432.4768961483,NA,TRUE,15,10,16,1,0.0666666666666667,0.625,0.769230769230769,NA,NA,NA,NA,0.000319173575223396,200.572880946931,1.9817731011106,66.0411994307682,67,-194402.134188605,-194093.587786144,"controlled_concdom_common_support",10,1000,100,4,10,0.95,0.95,25,100,4
"Rossi path BIC",4,18.2318300768002,NA,NA,NA,0.497593254293808,97533.9315159228,97240.9044822418,TRUE,2,10,99,1,0.988888888888889,0.101010101010101,0.18348623853211,1,0.761111111111111,0.127388535031847,0.225988700564972,0.000388828190161483,32.190836192412,0.900380919018847,61.3280842070834,317,-192878.104608408,-191418.26565945,"controlled_concdom_common_support",11,1000,100,4,10,0.95,0.95,25,100,4
"Rossi path BIC + refit",4,18.2318300768002,NA,NA,NA,0.496904935149743,97551.3090793089,NA,TRUE,21,10,99,1,0.988888888888889,0.101010101010101,0.18348623853211,NA,NA,NA,NA,0.00063678155441085,35.7991521730575,1.3913036006028,61.416117417774,399,-192346.423802304,-190508.960898095,"controlled_concdom_common_support",11,1000,100,4,10,0.95,0.95,25,100,4
"Separate 2D path/grid BIC",4,NA,46.6342959733673,0.74373825669651,NA,0.542746310114258,97460.4376099267,96648.6044597293,TRUE,2,10,94,1,0.933333333333333,0.106382978723404,0.192307692307692,1,0.422222222222222,0.208333333333333,0.344827586206897,0.000150033969693236,4.55958302900786,0.307986750051239,57.5424572187366,195,-193573.862940452,-192675.854754184,"controlled_concdom_common_support",11,1000,100,4,10,0.95,0.95,25,100,4
"Separate 2D path/grid BIC + refit",4,NA,46.6342959733673,0.74373825669651,NA,0.493653102489638,97546.5068737676,NA,TRUE,56,10,94,1,0.933333333333333,0.106382978723404,0.192307692307692,NA,NA,NA,NA,0.000638127320661503,36.7574313259422,1.40618865342021,61.4662991630117,379,-192474.974496801,-190729.614996311,"controlled_concdom_common_support",11,1000,100,4,10,0.95,0.95,25,100,4
"Eta centered path BIC",4,NA,NA,NA,2.05972394847801,0.507078870966134,97306.7750845838,96982.9810492638,TRUE,73,10,15,1,0.0555555555555556,0.666666666666667,0.8,NA,NA,NA,NA,0.000289481527651938,111.24604863701,1.03443490561808,63.0243176437021,148,-193591.202387878,-192909.637200352,"controlled_concdom_common_support",11,1000,100,4,10,0.95,0.95,25,100,4
"Eta centered path BIC + refit",4,NA,NA,NA,2.05972394847801,0.532342323220045,97356.0917156853,NA,TRUE,51,10,15,1,0.0555555555555556,0.666666666666667,0.8,NA,NA,NA,NA,0.00023730429544169,25.5280529014678,0.514625947668429,60.0768569410391,63,-194276.994848795,-193986.869127077,"controlled_concdom_common_support",11,1000,100,4,10,0.95,0.95,25,100,4
"Rossi path BIC",4,33.8115812676285,NA,NA,NA,0.545565179996114,97495.1247732743,97004.5886525786,TRUE,2,10,98,1,0.977777777777778,0.102040816326531,0.185185185185185,1,0.580555555555556,0.160642570281124,0.27681660899654,0.000182487972140906,2.9860880422467,0.365648983726364,57.8423608166808,252,-193249.495216245,-192088.992329376,"controlled_concdom_common_support",12,1000,100,4,10,0.95,0.95,25,100,4
"Rossi path BIC + refit",4,33.8115812676285,NA,NA,NA,0.515690683220463,97559.6512709441,NA,TRUE,61,10,98,1,0.977777777777778,0.102040816326531,0.185185185185185,NA,NA,NA,NA,0.000789237854373943,39.5871509816775,1.70171329718693,60.5414692805754,395,-192390.73920669,-190571.696983225,"controlled_concdom_common_support",12,1000,100,4,10,0.95,0.95,25,100,4
"Separate 2D path/grid BIC",4,NA,38.5630724085499,0,NA,0.551336037169078,97475.2135899604,96938.1406217042,FALSE,100,10,98,1,0.977777777777778,0.102040816326531,0.185185185185185,1,0.502777777777778,0.180995475113122,0.306513409961686,0.000167130135800007,0.952794011006388,0.262661287305874,56.8404807582568,224,-193403.089997429,-192371.531875767,"controlled_concdom_common_support",12,1000,100,4,10,0.95,0.95,25,100,4
"Separate 2D path/grid BIC + refit",4,NA,38.5630724085499,0,NA,0.516157426476135,97559.6547973613,NA,TRUE,90,10,98,1,0.977777777777778,0.102040816326531,0.185185185185185,NA,NA,NA,NA,0.000791546905064913,39.6364582741787,1.7055717075912,60.5454696514358,395,-192390.746259525,-190571.704036059,"controlled_concdom_common_support",12,1000,100,4,10,0.95,0.95,25,100,4
"Eta centered path BIC",4,NA,NA,NA,1.39828231098489,0.515782083954232,97373.4753806822,97140.9416610376,TRUE,78,10,21,1,0.122222222222222,0.476190476190476,0.645161290322581,NA,NA,NA,NA,0.000226762629192007,45.3061869993975,0.569564384192118,60.6886997585973,166,-193600.263385053,-192835.805134179,"controlled_concdom_common_support",12,1000,100,4,10,0.95,0.95,25,100,4
"Eta centered path BIC + refit",4,NA,NA,NA,1.39828231098489,0.551737678586735,97400.4613019468,NA,TRUE,32,10,21,1,0.122222222222222,0.476190476190476,0.645161290322581,NA,NA,NA,NA,0.00022825886925478,11.9943591134197,0.485908295658644,58.6500085415419,87,-194199.947894622,-193799.298088441,"controlled_concdom_common_support",12,1000,100,4,10,0.95,0.95,25,100,4
"Rossi path BIC",4,28.7110579550407,NA,NA,NA,0.529110115823092,98280.3311256822,97837.8047937672,TRUE,2,10,100,1,1,0.1,0.181818181818182,1,0.658333333333333,0.144404332129964,0.252365930599369,0.000324902008976367,29.0655965910357,0.654589110353382,62.3196487331242,280,-194626.49077325,-193337.043121173,"controlled_concdom_common_support",13,1000,100,4,10,0.95,0.95,25,100,4
"Rossi path BIC + refit",4,28.7110579550407,NA,NA,NA,0.509744585437304,98324.1315895043,NA,TRUE,82,10,100,1,1,0.1,0.181818181818182,NA,NA,NA,NA,0.000858952997442448,74.3718749786562,1.88244581483295,64.4559526877192,403,-193864.437801579,-192008.554216626,"controlled_concdom_common_support",13,1000,100,4,10,0.95,0.95,25,100,4
"Separate 2D path/grid BIC",4,NA,44.7056468275331,0,NA,0.555236752827646,98238.9390707579,97604.1511632306,TRUE,4,10,96,1,0.955555555555556,0.104166666666667,0.188679245283019,1,0.477777777777778,0.188679245283019,0.317460317460317,0.000142039274791274,12.8581127956629,0.321535178557098,60.7795054433254,215,-194992.710756535,-194002.599166547,"controlled_concdom_common_support",13,1000,100,4,10,0.95,0.95,25,100,4
"Separate 2D path/grid BIC + refit",4,NA,44.7056468275331,0,NA,0.506365364835188,98311.7959501564,NA,TRUE,26,10,96,1,0.955555555555556,0.104166666666667,0.188679245283019,NA,NA,NA,NA,0.000560754448696028,13.6671289116094,0.922586488140187,61.1545009458104,387,-193950.290607347,-192168.089745369,"controlled_concdom_common_support",13,1000,100,4,10,0.95,0.95,25,100,4
"Eta centered path BIC",4,NA,NA,NA,1.71682618980149,0.539095377373004,98097.3467444354,97827.4605138002,TRUE,39,10,14,1,0.0444444444444444,0.714285714285714,0.833333333333333,NA,NA,NA,NA,0.00022816609679324,106.164403591397,0.729620299343738,64.0975205866683,145,-195193.068973418,-194525.31929645,"controlled_concdom_common_support",13,1000,100,4,10,0.95,0.95,25,100,4
"Eta centered path BIC + refit",4,NA,NA,NA,1.71682618980149,0.585294048112858,98113.1367320199,NA,TRUE,49,10,14,1,0.0444444444444444,0.714285714285714,0.833333333333333,NA,NA,NA,NA,0.000110804975450706,12.033799092473,0.22281489935998,60.1160106941543,59,-195818.71590258,-195547.010861606,"controlled_concdom_common_support",13,1000,100,4,10,0.95,0.95,25,100,4
"Rossi path BIC",4,22.9568473189509,NA,NA,NA,0.440742087287445,97286.5160297395,97004.0311669913,TRUE,2,10,100,1,1,0.1,0.181818181818182,0.775,0.613888888888889,0.123015873015873,0.212328767123288,0.0026570556930258,46.9128852009876,1.22101005391137,53.4789731002946,256,-192804.64670806,-191625.723140447,"controlled_concdom_common_support",14,1000,100,4,10,0.95,0.95,25,100,4
"Rossi path BIC + refit",4,22.9568473189509,NA,NA,NA,0.436658760219589,97382.9654250312,NA,TRUE,36,10,100,1,1,0.1,0.181818181818182,NA,NA,NA,NA,0.00297431182930397,104.961831362328,3.57160017709002,60.8882605893801,403,-191982.105472633,-190126.221887679,"controlled_concdom_common_support",14,1000,100,4,10,0.95,0.95,25,100,4
"Separate 2D path/grid BIC",4,NA,23.5273503669761,0.813951105756391,NA,0.462798261038086,97327.5205907701,96794.7310457773,TRUE,11,10,99,1,0.988888888888889,0.101010101010101,0.18348623853211,1,0.625,0.150943396226415,0.262295081967213,0.000572096794663171,6.55820340080281,0.504964675975816,55.5827722834468,268,-192803.762766773,-191569.577156928,"controlled_concdom_common_support",14,1000,100,4,10,0.95,0.95,25,100,4
"Separate 2D path/grid BIC + refit",4,NA,23.5273503669761,0.813951105756391,NA,0.404553620804307,97385.0047662404,NA,FALSE,100,10,99,1,0.988888888888889,0.101010101010101,0.18348623853211,NA,NA,NA,NA,0.000790246498158369,8.8454072139253,1.0718086609736,58.1845447404402,399,-192013.815176167,-190176.352271958,"controlled_concdom_common_support",14,1000,100,4,10,0.95,0.95,25,100,4
"Eta centered path BIC",4,NA,NA,NA,1.2479400483418,0.425957558819886,97243.2290225645,96964.0597378148,TRUE,9,10,52,1,0.466666666666667,0.192307692307692,0.32258064516129,NA,NA,NA,NA,0.000482714259638756,283.723607411345,2.58481644571408,68.2820129307012,259,-192697.349427873,-191504.610349702,"controlled_concdom_common_support",14,1000,100,4,10,0.95,0.95,25,100,4
"Eta centered path BIC + refit",4,NA,NA,NA,1.2479400483418,0.435975769855695,97309.1850378134,NA,TRUE,14,10,52,1,0.466666666666667,0.192307692307692,0.32258064516129,NA,NA,NA,NA,0.000659106210550173,579.167882805355,6.01530198758222,67.9335052445485,211,-193160.833711762,-192189.142802518,"controlled_concdom_common_support",14,1000,100,4,10,0.95,0.95,25,100,4
"Rossi path BIC",4,31.7781133862043,NA,NA,NA,0.491223960540545,97988.0565637722,97488.3179650284,TRUE,2,10,98,1,0.977777777777778,0.102040816326531,0.185185185185185,1,0.605555555555556,0.155038759689922,0.268456375838926,0.000934683865231232,19.7504079539852,1.49950092373268,61.3838377003196,261,-194173.18899973,-192971.239581187,"controlled_concdom_common_support",15,1000,100,4,10,0.95,0.95,25,100,4
"Rossi path BIC + refit",4,31.7781133862043,NA,NA,NA,0.48013807272739,98041.1229917635,NA,TRUE,21,10,98,1,0.977777777777778,0.102040816326531,0.185185185185185,NA,NA,NA,NA,0.00166390409176961,121.659801920344,2.76866946803254,61.9883925965367,395,-193353.682648329,-191534.640424864,"controlled_concdom_common_support",15,1000,100,4,10,0.95,0.95,25,100,4
"Separate 2D path/grid BIC",4,NA,34.0348902904495,0,NA,0.486930790004535,97969.9262415548,97475.5070957953,TRUE,2,10,97,1,0.966666666666667,0.103092783505155,0.186915887850467,0.975,0.547222222222222,0.165254237288136,0.282608695652174,0.000785004510869206,103.020574963009,1.78013236501193,61.397220069963,239,-194288.898971433,-193188.263296982,"controlled_concdom_common_support",15,1000,100,4,10,0.95,0.95,25,100,4
"Separate 2D path/grid BIC + refit",4,NA,34.0348902904495,0,NA,0.461367311404293,98037.1385344754,NA,TRUE,43,10,97,1,0.966666666666667,0.103092783505155,0.186915887850467,NA,NA,NA,NA,0.00117898832369064,105.971951477518,2.30853865016445,61.6453650037682,391,-193373.344754869,-191572.723212147,"controlled_concdom_common_support",15,1000,100,4,10,0.95,0.95,25,100,4
"Eta centered path BIC",4,NA,NA,NA,1.57775980733672,0.475940815148508,97855.5620966384,97489.0119178069,TRUE,2,10,46,1,0.4,0.217391304347826,0.357142857142857,NA,NA,NA,NA,0.000514185902299964,285.861541326835,2.37574152039706,69.4861707880786,241,-194046.355171042,-192936.509156219,"controlled_concdom_common_support",15,1000,100,4,10,0.95,0.95,25,100,4
"Eta centered path BIC + refit",4,NA,NA,NA,1.57775980733672,0.489177714204312,97944.5188925357,NA,TRUE,13,10,46,1,0.4,0.217391304347826,0.357142857142857,NA,NA,NA,NA,0.000739546032017037,317.967211088644,3.70616007252666,69.5975717185941,187,-194597.287547902,-193736.120723122,"controlled_concdom_common_support",15,1000,100,4,10,0.95,0.95,25,100,4
"Rossi path BIC",4,24.1002479453937,NA,NA,NA,0.486128973235566,97785.2910974399,97411.2147072618,TRUE,2,10,99,1,0.988888888888889,0.101010101010101,0.18348623853211,1,0.658333333333333,0.144404332129964,0.252365930599369,0.000335303387732015,4.51536836563924,0.519952601862048,58.9062420297801,280,-193636.410716765,-192346.963064688,"controlled_concdom_common_support",16,1000,100,4,10,0.95,0.95,25,100,4
"Rossi path BIC + refit",4,24.1002479453937,NA,NA,NA,0.461763637046857,97828.5394072357,NA,TRUE,77,10,99,1,0.988888888888889,0.101010101010101,0.18348623853211,NA,NA,NA,NA,0.000905556096066825,9.42474955376552,1.35180535682881,60.1306366741719,399,-192900.884458158,-191063.421553948,"controlled_concdom_common_support",16,1000,100,4,10,0.95,0.95,25,100,4
"Separate 2D path/grid BIC",4,NA,30.4561955383172,0,NA,0.490796226795054,97735.9908477709,97319.693018874,FALSE,100,10,97,1,0.966666666666667,0.103092783505155,0.186915887850467,0.975,0.522222222222222,0.171806167400881,0.292134831460674,0.000736028921295993,10.0655672259109,0.603705949637237,56.9266219095976,230,-193883.197981376,-192824.008838599,"controlled_concdom_common_support",16,1000,100,4,10,0.95,0.95,25,100,4
"Separate 2D path/grid BIC + refit",4,NA,30.4561955383172,0,NA,0.479421131958396,97817.1587475442,NA,TRUE,70,10,97,1,0.966666666666667,0.103092783505155,0.186915887850467,NA,NA,NA,NA,0.0022610601959967,42.3044476604727,2.18936041517898,59.4402021962964,391,-192933.385181006,-191132.763638285,"controlled_concdom_common_support",16,1000,100,4,10,0.95,0.95,25,100,4
"Eta centered path BIC",4,NA,NA,NA,1.72646052473041,0.476995557215393,97628.6388313902,97202.6820656404,TRUE,37,10,45,1,0.388888888888889,0.222222222222222,0.363636363636364,NA,NA,NA,NA,0.000593363469510598,276.059399201167,2.52052906364085,68.6233640948735,238,-193613.231906383,-192517.201402117,"controlled_concdom_common_support",16,1000,100,4,10,0.95,0.95,25,100,4
"Eta centered path BIC + refit",4,NA,NA,NA,1.72646052473041,0.49354017402621,97711.2695884842,NA,TRUE,13,10,45,1,0.388888888888889,0.222222222222222,0.363636363636364,NA,NA,NA,NA,0.000811644874273761,274.219442074495,3.57022983829118,67.8567669866117,183,-194158.419960915,-193315.673816879,"controlled_concdom_common_support",16,1000,100,4,10,0.95,0.95,25,100,4
"Rossi path BIC",4,44.8407007975864,NA,NA,NA,0.528901080783358,97774.3791577837,97153.0998393132,TRUE,2,10,95,1,0.944444444444444,0.105263157894737,0.19047619047619,1,0.461111111111111,0.194174757281553,0.32520325203252,0.000109377275788023,11.4440910258977,0.259421434632843,60.5309316428732,209,-194105.03746226,-193142.556893389,"controlled_concdom_common_support",17,1000,100,4,10,0.95,0.95,25,100,4
"Rossi path BIC + refit",4,44.8407007975864,NA,NA,NA,0.479870219300909,97856.6340854031,NA,TRUE,31,10,95,1,0.944444444444444,0.105263157894737,0.19047619047619,NA,NA,NA,NA,0.000497715099457678,15.5351092248116,0.934273653460376,61.2271107007157,383,-193067.597898956,-191303.817717723,"controlled_concdom_common_support",17,1000,100,4,10,0.95,0.95,25,100,4
"Separate 2D path/grid BIC",4,NA,46.1460891698293,0,NA,0.534637737127427,97770.3758057017,97135.2572663754,TRUE,2,10,95,1,0.944444444444444,0.105263157894737,0.19047619047619,1,0.441666666666667,0.201005025125628,0.334728033472803,0.000103151720540827,9.03675509722676,0.240464756052924,60.1979337135689,202,-194145.385045049,-193215.140667479,"controlled_concdom_common_support",17,1000,100,4,10,0.95,0.95,25,100,4
"Separate 2D path/grid BIC + refit",4,NA,46.1460891698293,0,NA,0.480412453089534,97856.6775208039,NA,TRUE,29,10,95,1,0.944444444444444,0.105263157894737,0.19047619047619,NA,NA,NA,NA,0.000501525388416365,14.6053502787106,0.92756813461919,61.1341145111069,383,-193067.684769758,-191303.904588524,"controlled_concdom_common_support",17,1000,100,4,10,0.95,0.95,25,100,4
"Eta centered path BIC",4,NA,NA,NA,1.46099661255412,0.426295892267601,97625.7147843044,97412.9174209067,FALSE,100,10,17,1,0.0777777777777778,0.588235294117647,0.740740740740741,NA,NA,NA,NA,0.000281551167648831,241.792288335696,1.86818965000169,67.3701657552252,154,-194187.635255646,-193478.439047003,"controlled_concdom_common_support",17,1000,100,4,10,0.95,0.95,25,100,4
"Eta centered path BIC + refit",4,NA,NA,NA,1.46099661255412,0.536307343767922,97685.6554945871,NA,TRUE,38,10,17,1,0.0777777777777778,0.588235294117647,0.740740740740741,NA,NA,NA,NA,0.00018581873662571,25.8820097534697,0.463220507596512,60.7132270599903,71,-194880.860364366,-194553.893281161,"controlled_concdom_common_support",17,1000,100,4,10,0.95,0.95,25,100,4
"Rossi path BIC",4,23.2100898050921,NA,NA,NA,0.513775027590182,97719.9637842084,97387.340349331,TRUE,3,10,99,1,0.988888888888889,0.101010101010101,0.18348623853211,0.875,0.636111111111111,0.132575757575758,0.230263157894737,0.00275709529617889,37.9963460664076,2.14156193554816,57.5637696892355,267,-193595.556908929,-192365.97646927,"controlled_concdom_common_support",18,1000,100,4,10,0.95,0.95,25,100,4
"Rossi path BIC + refit",4,23.2100898050921,NA,NA,NA,0.506103414854336,97792.5190803496,NA,TRUE,23,10,99,1,0.988888888888889,0.101010101010101,0.18348623853211,NA,NA,NA,NA,0.00248803030816572,186.472775840393,4.01030951354146,61.561658146086,399,-192828.843804385,-190991.380900176,"controlled_concdom_common_support",18,1000,100,4,10,0.95,0.95,25,100,4
"Separate 2D path/grid BIC",4,NA,41.2560895863804,0,NA,0.530843033376356,97696.8712415785,97135.3725675512,FALSE,100,10,96,1,0.955555555555556,0.104166666666667,0.188679245283019,1,0.483333333333333,0.186915887850467,0.31496062992126,0.000260737558956939,3.73115518972737,0.301531923970794,56.4608382758869,217,-193894.759587618,-192895.437657258,"controlled_concdom_common_support",18,1000,100,4,10,0.95,0.95,25,100,4
"Separate 2D path/grid BIC + refit",4,NA,41.2560895863804,0,NA,0.495113508797653,97784.1557128051,NA,TRUE,40,10,96,1,0.955555555555556,0.104166666666667,0.188679245283019,NA,NA,NA,NA,0.000796257805862825,3.46019646123307,0.89407574544704,57.5014890145573,387,-192895.010132644,-191112.809270667,"controlled_concdom_common_support",18,1000,100,4,10,0.95,0.95,25,100,4
"Eta centered path BIC",4,NA,NA,NA,1.81965732188953,0.534130624154476,97586.9965902704,97308.2347481386,TRUE,50,10,12,1,0.0222222222222222,0.833333333333333,0.909090909090909,NA,NA,NA,NA,0.000152795633637837,27.1334140836394,0.328175508186103,59.2880741078331,139,-194213.815196762,-193573.69654091,"controlled_concdom_common_support",18,1000,100,4,10,0.95,0.95,25,100,4
"Eta centered path BIC + refit",4,NA,NA,NA,1.81965732188953,0.534069204087702,97582.4520377546,NA,TRUE,42,10,12,1,0.0222222222222222,0.833333333333333,0.909090909090909,NA,NA,NA,NA,8.0862744515042e-05,1.45815039478138,0.116857868463846,57.9393279935166,51,-194812.608556281,-194577.744876796,"controlled_concdom_common_support",18,1000,100,4,10,0.95,0.95,25,100,4
"Rossi path BIC",4,42.3598767626209,NA,NA,NA,0.563540141275967,97696.5746718435,97111.9993281726,TRUE,2,10,96,1,0.955555555555556,0.104166666666667,0.188679245283019,1,0.444444444444444,0.2,0.333333333333333,0.000139144446990367,2.64016436488051,0.257224462341957,58.9980992544134,203,-193990.875022054,-193056.025474298,"controlled_concdom_common_support",19,1000,100,4,10,0.95,0.95,25,100,4
"Rossi path BIC + refit",4,42.3598767626209,NA,NA,NA,0.475170456887695,97766.7480894613,NA,TRUE,100,10,96,1,0.955555555555556,0.104166666666667,0.188679245283019,NA,NA,NA,NA,0.000481267509927958,18.2543380462445,1.08292087725639,60.6196751207927,387,-192860.194885956,-191077.994023979,"controlled_concdom_common_support",19,1000,100,4,10,0.95,0.95,25,100,4
"Separate 2D path/grid BIC",4,NA,67.6825221378465,0,NA,0.575907743659041,97651.3415101661,96775.0417608427,TRUE,2,10,77,1,0.744444444444444,0.12987012987013,0.229885057471264,1,0.247222222222222,0.310077519379845,0.473372781065089,0.000107896736671724,0.751950645925299,0.177375001529677,58.1310303804723,132,-194390.859323507,-193782.976858956,"controlled_concdom_common_support",19,1000,100,4,10,0.95,0.95,25,100,4
"Separate 2D path/grid BIC + refit",4,NA,67.6825221378465,0,NA,0.505980759550288,97745.171656957,NA,TRUE,85,10,77,1,0.744444444444444,0.12987012987013,0.229885057471264,NA,NA,NA,NA,0.000402475414053955,7.114611942103,0.753072114460032,59.4245394881319,311,-193342.03142215,-191909.823494308,"controlled_concdom_common_support",19,1000,100,4,10,0.95,0.95,25,100,4
"Eta centered path BIC",4,NA,NA,NA,1.51934240394831,0.477772319289623,97569.9554711331,97324.9087165064,TRUE,23,10,17,1,0.0777777777777778,0.588235294117647,0.740740740740741,NA,NA,NA,NA,0.000255789812886102,107.83536408046,0.957981093904466,64.2581521024907,154,-194076.116629303,-193366.920420661,"controlled_concdom_common_support",19,1000,100,4,10,0.95,0.95,25,100,4
"Eta centered path BIC + refit",4,NA,NA,NA,1.51934240394831,0.515548051359907,97607.2404759686,NA,TRUE,58,10,17,1,0.0777777777777778,0.588235294117647,0.740740740740741,NA,NA,NA,NA,0.000126213124122423,19.0871778113497,0.341715716486602,60.9825843428154,71,-194724.03032713,-194397.063243924,"controlled_concdom_common_support",19,1000,100,4,10,0.95,0.95,25,100,4
"Rossi path BIC",4,33.5226947491165,NA,NA,NA,0.556276488231584,97817.1582924841,97331.2492578922,TRUE,2,10,99,1,0.988888888888889,0.101010101010101,0.18348623853211,1,0.566666666666667,0.163934426229508,0.28169014084507,0.000188627074062852,1.68576893159995,0.332781683115355,58.3493663875356,247,-193928.10103106,-192790.623995121,"controlled_concdom_common_support",20,1000,100,4,10,0.95,0.95,25,100,4
"Rossi path BIC + refit",4,33.5226947491165,NA,NA,NA,0.508483513589528,97878.0905565982,NA,TRUE,97,10,99,1,0.988888888888889,0.101010101010101,0.18348623853211,NA,NA,NA,NA,0.000648093275797741,10.447929912397,1.10907588899799,59.5388271183133,399,-192999.986756882,-191162.523852673,"controlled_concdom_common_support",20,1000,100,4,10,0.95,0.95,25,100,4
"Separate 2D path/grid BIC",4,NA,44.4420821080679,0,NA,0.561610786651022,97787.5360266989,97178.7957379345,TRUE,2,10,94,1,0.933333333333333,0.106382978723404,0.192307692307692,1,0.413888888888889,0.211640211640212,0.349344978165939,0.000204352767785444,0.4889542008384,0.277023555166675,57.0415692759977,192,-194248.783039833,-193364.590364124,"controlled_concdom_common_support",20,1000,100,4,10,0.95,0.95,25,100,4
"Separate 2D path/grid BIC + refit",4,NA,44.4420821080679,0,NA,0.509035537547313,97873.065755534,NA,FALSE,100,10,94,1,0.933333333333333,0.106382978723404,0.192307692307692,NA,NA,NA,NA,0.000795619029896931,8.2370653323626,1.25877760065818,58.8979404202332,379,-193128.092260334,-191382.732759844,"controlled_concdom_common_support",20,1000,100,4,10,0.95,0.95,25,100,4
"Eta centered path BIC",4,NA,NA,NA,1.83069094178518,0.525563531119423,97643.8357011238,97367.8513590709,TRUE,28,10,16,1,0.0666666666666667,0.625,0.769230769230769,NA,NA,NA,NA,0.000202683132858662,121.716178520935,0.986592859216106,63.4786223263452,151,-194244.600355121,-193549.219657037,"controlled_concdom_common_support",20,1000,100,4,10,0.95,0.95,25,100,4
"Eta centered path BIC + refit",4,NA,NA,NA,1.83069094178518,0.594819220130486,97705.1609547397,NA,TRUE,58,10,16,1,0.0666666666666667,0.625,0.769230769230769,NA,NA,NA,NA,0.000106609728201915,1.63364109817417,0.227740481777446,57.6004509600678,67,-194947.502305788,-194638.955903326,"controlled_concdom_common_support",20,1000,100,4,10,0.95,0.95,25,100,4
