"majority_class","cluster","rank","token","sign","centered_eta_score","abs_score","selected","document_frequency","mean_weight","variance"
"sport",1,1,"champion","+",29.3182958057801,29.3182958057801,TRUE,145,0.2493203491,0.1419873957
"sport",1,2,"match","+",24.7472285982861,24.7472285982861,TRUE,104,0.202227768,0.1454662523
"sport",1,3,"team","+",23.7302220800086,23.7302220800086,TRUE,131,0.2085139609,0.110676635
"sport",1,4,"football","+",23.6962601363448,23.6962601363448,TRUE,106,0.1932351342,0.1418960023
"sport",1,5,"film","-",-17.3438008978433,17.3438008978433,TRUE,118,0.2306716911,0.1694579058
"sport",1,6,"win","+",17.2768600614035,17.2768600614035,TRUE,146,0.3233395722,0.2245556326
"sport",1,7,"club","+",17.2522742250792,17.2522742250792,TRUE,135,0.1701405717,0.08098740464
"sport",1,8,"player","+",17.1412824058024,17.1412824058024,TRUE,148,0.2346624067,0.1167228115
"sport",1,9,"coach","+",13.9365458850679,13.9365458850679,TRUE,91,0.1371568782,0.1304164918
"sport",1,10,"won","+",13.2660640189202,13.2660640189202,TRUE,177,0.3041922966,0.1474893149
"sport",1,11,"tech","-",-12.7329162577735,12.7329162577735,TRUE,82,0.1694688451,0.1273049455
"sport",1,12,"england","+",11.4127435377635,11.4127435377635,TRUE,142,0.1784269581,0.1098432109
"sport",1,13,"score","+",11.2892260897084,11.2892260897084,TRUE,79,0.1484673016,0.11475807
"sport",1,14,"cup","+",11.0533592555906,11.0533592555906,TRUE,36,0.1124473097,0.131527767
"sport",1,15,"tennis","+",11.0423047862342,11.0423047862342,TRUE,36,0.1118008477,0.156334847
"sport",1,16,"software","-",-10.9131711931838,10.9131711931838,TRUE,69,0.1366783806,0.1346246663
"sport",1,17,"music","-",-10.7297651611678,10.7297651611678,TRUE,94,0.1901213351,0.1379008624
"sport",1,18,"award","-",-10.610652117612,10.610652117612,TRUE,99,0.1936207862,0.1631453367
"sport",1,19,"computer","-",-10.4147308571228,10.4147308571228,TRUE,80,0.1291885552,0.09696283153
"sport",1,20,"internet","-",-9.99983520774478,9.99983520774478,TRUE,72,0.1342159439,0.1146720682
"sport",1,21,"people","-",-9.85596947994364,9.85596947994364,TRUE,105,0.1519974208,0.08283655061
"sport",1,22,"movie","-",-9.75000834982528,9.75000834982528,TRUE,68,0.1520084946,0.1147284262
"sport",1,23,"awards","-",-9.66921509065461,9.66921509065461,TRUE,64,0.1650314761,0.1611080536
"sport",1,24,"old","+",8.80521344950036,8.80521344950036,TRUE,104,0.299084459,0.2845705288
"sport",1,25,"price","-",-8.73097166335446,8.73097166335446,TRUE,76,0.1905624552,0.180807007
"sport",1,26,"manager","+",8.69104815019184,8.69104815019184,TRUE,82,0.1533922588,0.1261357855
"sport",1,27,"oscar","-",-8.66022634646476,8.66022634646476,TRUE,56,0.1411905524,0.1832108283
"sport",1,28,"scotland","+",8.46403689865496,8.46403689865496,TRUE,75,0.1511669671,0.1729791291
"sport",1,29,"movies","-",-8.32197399941325,8.32197399941325,TRUE,79,0.1416605562,0.08865198331
"sport",1,30,"six","+",8.21850631855669,8.21850631855669,TRUE,46,0.1073147648,0.1068127691
"sport",1,31,"singer","-",-8.12724182368892,8.12724182368892,TRUE,76,0.1383121663,0.1145048588
"sport",1,32,"medal","+",7.98564971896756,7.98564971896756,TRUE,135,0.1742490942,0.0835623959
"sport",1,33,"rugby","+",7.89879774298809,7.89879774298809,TRUE,40,0.09512712152,0.1238948956
"sport",1,34,"computers","-",-7.82853548312259,7.82853548312259,TRUE,77,0.107174968,0.06686468252
"sport",1,35,"digital","-",-7.8182818019883,7.8182818019883,TRUE,43,0.1270289284,0.149694468
"sport",1,36,"chelsea","+",7.77945710947024,7.77945710947024,TRUE,24,0.09576635016,0.2120236374
"sport",1,37,"final","+",7.61358604642496,7.61358604642496,TRUE,58,0.1319382765,0.1289209085
"sport",1,38,"cost","-",-7.55095470871869,7.55095470871869,TRUE,72,0.1354862008,0.09809083122
"sport",1,39,"actors","-",-7.4982178184056,7.4982178184056,TRUE,84,0.1311541106,0.07510300677
"sport",1,40,"show","-",-7.49288603691281,7.49288603691281,TRUE,103,0.1750934009,0.1276695435
"sport",1,41,"championship","+",7.26239667649395,7.26239667649395,TRUE,50,0.09337158848,0.07773416597
"sport",1,42,"mobile","-",-7.14012625922818,7.14012625922818,TRUE,46,0.1068765467,0.1193033324
"sport",1,43,"users","-",-6.95761485017344,6.95761485017344,TRUE,69,0.09921026875,0.06079848909
"sport",1,44,"boss","+",6.69347128694866,6.69347128694866,TRUE,34,0.09220602959,0.1183682737
"sport",1,45,"australia","+",6.69089698677307,6.69089698677307,TRUE,54,0.1283505641,0.144952644
"sport",1,46,"spain","+",6.4440922179264,6.4440922179264,TRUE,63,0.108668638,0.1069642108
"sport",1,47,"song","-",-6.34601945122592,6.34601945122592,TRUE,114,0.1397980656,0.08468951642
"sport",1,48,"open","+",6.32055656257721,6.32055656257721,TRUE,81,0.1491450324,0.1396202747
"sport",1,49,"musical","-",-6.17343051108839,6.17343051108839,TRUE,78,0.1399865716,0.1172321115
"sport",1,50,"companies","-",-6.12371101517935,6.12371101517935,TRUE,83,0.1069490224,0.05495654088
"sport",1,51,"andy","+",6.07790707722206,6.07790707722206,TRUE,43,0.1183245505,0.1603307957
"sport",1,52,"firms","-",-5.9612670280595,5.9612670280595,TRUE,55,0.09793044743,0.07179275596
"sport",1,53,"films","-",-5.9565948272841,5.9565948272841,TRUE,76,0.1176614102,0.06343603701
"sport",1,54,"download","-",-5.92934054159341,5.92934054159341,TRUE,38,0.1103468023,0.1260037613
"sport",1,55,"microsoft","-",-5.89743696301435,5.89743696301435,TRUE,30,0.09833294431,0.1295198034
"sport",1,56,"ireland","+",5.89011063879925,5.89011063879925,TRUE,85,0.1539150205,0.1691301924
"sport",1,57,"bbc","-",-5.87974526332622,5.87974526332622,TRUE,127,0.373110276,0.4100428175
"sport",1,58,"songs","-",-5.80701162626658,5.80701162626658,TRUE,86,0.1271882602,0.07673886759
"sport",1,59,"tournament","+",5.78827923961271,5.78827923961271,TRUE,60,0.08015905997,0.0512335617
"sport",1,60,"coaching","+",5.62090614544407,5.62090614544407,TRUE,34,0.08327664674,0.08543383283
"sport",1,61,"play","+",5.58495684661726,5.58495684661726,TRUE,170,0.2909178066,0.1441337206
"sport",1,62,"clubs","+",5.3537444094365,5.3537444094365,TRUE,65,0.0926978662,0.06189347103
"sport",1,63,"net","-",-4.97676240887929,4.97676240887929,TRUE,36,0.1078248899,0.1292356181
"sport",1,64,"released","-",-4.86421947308753,4.86421947308753,TRUE,98,0.1484404026,0.09753527724
"sport",1,65,"injuries","+",4.8037831642543,4.8037831642543,TRUE,38,0.09326742196,0.08345229015
"sport",1,66,"news","-",-4.77594007776208,4.77594007776208,TRUE,56,0.1269418607,0.1168782172
"sport",1,67,"web","-",-4.65019160586974,4.65019160586974,TRUE,43,0.07976275912,0.07491106211
"sport",1,68,"electronic","-",-4.64917502938046,4.64917502938046,TRUE,52,0.09035026466,0.06164713869
"sport",1,69,"stadium","+",4.59800885668772,4.59800885668772,TRUE,108,0.1002046716,0.05001828766
"sport",1,70,"fee","-",-4.59405378948177,4.59405378948177,TRUE,66,0.1448495233,0.109908448
"sport",1,71,"band","-",-4.48001968193386,4.48001968193386,TRUE,55,0.09529523535,0.08974703808
"sport",1,72,"injury","+",4.46090324860548,4.46090324860548,TRUE,45,0.08945475165,0.07938320191
"sport",1,73,"game","+",4.39930976989066,4.39930976989066,TRUE,131,0.2133684572,0.1287770899
"sport",1,74,"nations","+",4.3462649832196,4.3462649832196,TRUE,36,0.1000003841,0.1135281182
"sport",1,75,"players","+",4.25453846238124,4.25453846238124,TRUE,109,0.176131807,0.0976186712
"sport",1,76,"phones","-",-4.21535612782499,4.21535612782499,TRUE,37,0.0763370077,0.06536434659
"sport",1,77,"online","-",-4.1373350642627,4.1373350642627,TRUE,36,0.08178804187,0.06968182355
"sport",1,78,"nominated","-",-4.10715436165694,4.10715436165694,TRUE,41,0.09169231794,0.08516571757
"sport",1,79,"world","+",3.90944331435546,3.90944331435546,TRUE,95,0.1845395834,0.1304585336
"sport",1,80,"devices","-",-3.89681593364554,3.89681593364554,TRUE,51,0.07899449204,0.05101829806
"sport",1,81,"injured","+",3.86158323283452,3.86158323283452,TRUE,39,0.08252455526,0.06564094195
"sport",1,82,"cast","-",-3.75959082161246,3.75959082161246,TRUE,107,0.1347718923,0.07671821059
"sport",1,83,"based","-",-3.66349598876063,3.66349598876063,TRUE,54,0.1087750513,0.09180754405
"sport",1,84,"against","+",3.57844855649983,3.57844855649983,TRUE,102,0.1539074266,0.08938860407
"sport",1,85,"directed","-",-3.56642255213613,3.56642255213613,TRUE,45,0.08921006866,0.07255948265
"sport",1,86,"hollywood","-",-3.53238349326541,3.53238349326541,TRUE,33,0.09073946461,0.1032139246
"sport",1,87,"many","-",-3.52241168725251,3.52241168725251,TRUE,103,0.1487910496,0.08362828107
"sport",1,88,"starring","-",-3.5116294790565,3.5116294790565,TRUE,72,0.09056380493,0.05053211967
"sport",1,89,"sports","+",3.49530379503376,3.49530379503376,TRUE,66,0.08658798958,0.05161421418
"sport",1,90,"because","-",-3.49127244440428,3.49127244440428,TRUE,205,0.3069867148,0.1354007007
"sport",1,91,"firm","-",-3.48696643129305,3.48696643129305,TRUE,51,0.07998967055,0.05981831549
"sport",1,92,"phone","-",-3.48182476638512,3.48182476638512,TRUE,40,0.07117281063,0.05712225547
"sport",1,93,"australian","+",3.46026772267179,3.46026772267179,TRUE,31,0.1013683763,0.1238914618
"sport",1,94,"written","-",-3.44237537188468,3.44237537188468,TRUE,66,0.1071033471,0.07418060731
"sport",1,95,"free","-",-3.42568263562523,3.42568263562523,TRUE,38,0.08549004537,0.08416152184
"sport",1,96,"arsenal","+",3.38722404107507,3.38722404107507,TRUE,20,0.06730854058,0.1513935058
"sport",1,97,"consumers","-",-3.30402543781478,3.30402543781478,TRUE,35,0.06926397879,0.05757888946
"sport",1,98,"consumer","-",-3.26607680546084,3.26607680546084,TRUE,30,0.07056565865,0.07375664825
"sport",1,99,"market","-",-3.21983284752939,3.21983284752939,TRUE,43,0.07886806813,0.06349632306
"sport",1,100,"saturday","+",3.18171217850043,3.18171217850043,TRUE,44,0.1285725511,0.16569639
"sport",1,101,"latest","-",-3.09611453206165,3.09611453206165,TRUE,99,0.1318985455,0.07856255528
"sport",1,102,"launch","-",-3.0931902021564,3.0931902021564,TRUE,42,0.09478562815,0.07673832551
"sport",1,103,"half","+",3.08223008099632,3.08223008099632,TRUE,47,0.1433522602,0.1895177845
"sport",1,104,"launched","-",-2.96011100259459,2.96011100259459,TRUE,46,0.09071501962,0.06772634048
"sport",1,105,"wireless","-",-2.92725646122363,2.92725646122363,TRUE,51,0.06462528854,0.05501328298
"sport",1,106,"premiership","+",2.90879617521844,2.90879617521844,TRUE,13,0.06446719335,0.1140393894
"sport",1,107,"beat","+",2.85866861694158,2.85866861694158,TRUE,55,0.1184657629,0.1071716918
"sport",1,108,"referee","+",2.85321130901075,2.85321130901075,TRUE,56,0.06593320425,0.0658189982
"sport",1,109,"early","-",-2.77600929911913,2.77600929911913,TRUE,146,0.1592275395,0.05587289532
"sport",1,110,"star","-",-2.70386753178292,2.70386753178292,TRUE,96,0.1756716952,0.1248596149
"sport",1,111,"back","+",2.6918816613754,2.6918816613754,TRUE,88,0.156464619,0.10971957
"sport",1,112,"league","+",2.60564119455141,2.60564119455141,TRUE,23,0.06280665057,0.07002072116
"sport",1,113,"olympic","+",2.58039435308327,2.58039435308327,TRUE,29,0.07793127671,0.09281994868
"sport",1,114,"comedy","-",-2.52547603479681,2.52547603479681,TRUE,29,0.07049586628,0.06442374601
"sport",1,115,"slam","+",2.49575491871992,2.49575491871992,TRUE,25,0.06252391999,0.08380227425
"sport",1,116,"pop","-",-2.48614982703496,2.48614982703496,TRUE,26,0.08918365555,0.1104686199
"sport",1,117,"nominations","-",-2.33088749109148,2.33088749109148,TRUE,33,0.07076425114,0.05672343054
"sport",1,118,"downloads","-",-2.19788579535173,2.19788579535173,TRUE,34,0.07064470719,0.06062899967
"sport",1,119,"apple","-",-2.19325380899014,2.19325380899014,TRUE,32,0.07025062811,0.09147558561
"sport",1,120,"popularity","-",-2.15779208069234,2.15779208069234,TRUE,62,0.08347148573,0.05487465672
"sport",1,121,"champions","+",2.1256020837606,2.1256020837606,TRUE,40,0.06648959993,0.04830986059
"sport",1,122,"she","+",2.08830660543067,2.08830660543067,TRUE,109,0.1968032017,0.1439708441
"sport",1,123,"liverpool","+",2.07735218618177,2.07735218618177,TRUE,44,0.06701853349,0.07163308796
"sport",1,124,"british","-",-2.07585112260728,2.07585112260728,TRUE,122,0.1941128991,0.1080430138
"sport",1,125,"director","-",-2.07360502230918,2.07360502230918,TRUE,120,0.2127398567,0.1487678556
"sport",1,126,"data","-",-2.06812805701994,2.06812805701994,TRUE,25,0.05830119004,0.05203151576
"sport",1,127,"actor","-",-2.00033009373065,2.00033009373065,TRUE,212,0.3086562196,0.1114906173
"sport",1,128,"video","-",-1.93887608885986,1.93887608885986,TRUE,46,0.09532960448,0.08052895808
"sport",1,129,"bands","-",-1.89798685074587,1.89798685074587,TRUE,42,0.06921201466,0.05035307935
"sport",1,130,"mail","-",-1.87584640474638,1.87584640474638,TRUE,29,0.06470020865,0.06004936684
"sport",1,131,"nomination","-",-1.86787854097669,1.86787854097669,TRUE,32,0.06326232722,0.04868135033
"sport",1,132,"kick","+",1.86648231899131,1.86648231899131,TRUE,49,0.07918234715,0.07506490876
"sport",1,133,"irish","+",1.83493526586253,1.83493526586253,TRUE,35,0.1071932334,0.137314178
"sport",1,134,"gaming","-",-1.83237738750066,1.83237738750066,TRUE,36,0.06469345625,0.05523249563
"sport",1,135,"said","+",1.80290751505357,1.80290751505357,TRUE,285,0.4945901165,0.1303818758
"sport",1,136,"channel","-",-1.78483612621859,1.78483612621859,TRUE,66,0.09243241163,0.06424461991
"sport",1,137,"portable","-",-1.72329638885031,1.72329638885031,TRUE,18,0.06229057711,0.08583300277
"sport",1,138,"new","-",-1.71522746579756,1.71522746579756,TRUE,98,0.1522674283,0.1006625668
"sport",1,139,"television","-",-1.69143211451869,1.69143211451869,TRUE,63,0.1049801346,0.06674447468
"sport",1,140,"aviator","-",-1.68621626997532,1.68621626997532,TRUE,12,0.06692777541,0.1328878977
"sport",1,141,"media","-",-1.68280517665208,1.68280517665208,TRUE,40,0.08875230655,0.08330263753
"sport",1,142,"wales","+",1.63432502163415,1.63432502163415,TRUE,20,0.07283645945,0.1219509871
"sport",1,143,"yes","-",-1.587927611927,1.587927611927,TRUE,175,0.1660816532,0.05199904915
"sport",1,144,"france","+",1.57871828323751,1.57871828323751,TRUE,75,0.1426044549,0.1215816993
"sport",1,145,"italian","+",1.57409651690949,1.57409651690949,TRUE,46,0.08593696687,0.09642005062
"sport",1,146,"death","-",-1.57085691374051,1.57085691374051,TRUE,44,0.0696601261,0.04963432193
"sport",1,147,"sony","-",-1.47356471335767,1.47356471335767,TRUE,23,0.08551299142,0.1166484407
"sport",1,148,"festival","-",-1.3623822512874,1.3623822512874,TRUE,124,0.1371373265,0.07386904149
"sport",1,149,"best","-",-1.36213276854737,1.36213276854737,TRUE,76,0.1117660131,0.0727766876
"sport",1,150,"age","+",1.35210200840455,1.35210200840455,TRUE,92,0.1939881207,0.1362962164
"sport",1,151,"audience","-",-1.31641587504497,1.31641587504497,TRUE,60,0.07872384287,0.05815552929
"sport",1,152,"sunday","+",1.3056474484836,1.3056474484836,TRUE,35,0.1058572648,0.1210281898
"sport",1,153,"importance","-",-1.28337403638695,1.28337403638695,TRUE,41,0.08070417886,0.06653622863
"sport",1,154,"double","+",1.26804091356888,1.26804091356888,TRUE,29,0.1041720187,0.1476947253
"sport",1,155,"middlesbrough","+",1.17135325059272,1.17135325059272,TRUE,9,0.05353074471,0.1137905262
"sport",1,156,"chip","-",-1.17020184130508,1.17020184130508,TRUE,32,0.05117306019,0.04965495286
"sport",1,157,"michael","-",-1.16660795761815,1.16660795761815,TRUE,26,0.07865033572,0.1074197206
"sport",1,158,"manchester","+",1.14497291940877,1.14497291940877,TRUE,24,0.06090345871,0.08876340556
"sport",1,159,"los","-",-1.1338613445376,1.1338613445376,TRUE,23,0.06801989087,0.07353847519
"sport",1,160,"stolen","-",-1.13334979396894,1.13334979396894,TRUE,60,0.07179593578,0.04882857543
"sport",1,161,"chart","-",-1.12912927355397,1.12912927355397,TRUE,34,0.07673045862,0.07296745996
"sport",1,162,"died","-",-1.09405005430038,1.09405005430038,TRUE,68,0.08099984625,0.04915538749
"sport",1,163,"suffered","+",1.08705863755006,1.08705863755006,TRUE,71,0.09892313268,0.07018729482
"sport",1,164,"release","-",-1.02906386474117,1.02906386474117,TRUE,89,0.1142241251,0.06980871245
"sport",1,165,"games","+",1.029020112355,1.029020112355,TRUE,98,0.1881066541,0.129912487
"sport",1,166,"host","-",-0.977234207570385,0.977234207570385,TRUE,56,0.09994283015,0.09797573731
"sport",1,167,"electronics","-",-0.954165046816209,0.954165046816209,TRUE,26,0.05188153577,0.05474886688
"sport",1,168,"penalty","+",0.940040327680039,0.940040327680039,TRUE,59,0.07711805375,0.05904469733
"sport",1,169,"ibm","-",-0.872760219007601,0.872760219007601,TRUE,15,0.04389270785,0.08017080328
"sport",1,170,"google","-",-0.872726606091164,0.872726606091164,TRUE,15,0.0439590623,0.06555574904
"sport",1,171,"angeles","-",-0.860456017069806,0.860456017069806,TRUE,25,0.05524351373,0.05269744
"sport",1,172,"fast","-",-0.850351846735629,0.850351846735629,TRUE,33,0.05913567076,0.05245710599
"sport",1,173,"former","+",0.801974795448887,0.801974795448887,TRUE,52,0.1034186237,0.0840438711
"sport",1,174,"striker","+",0.761927260712642,0.761927260712642,TRUE,16,0.05296843933,0.08103283455
"sport",1,175,"hit","-",-0.742752958112227,0.742752958112227,TRUE,70,0.1019723098,0.06534637227
"sport",1,176,"international","+",0.736044439589991,0.736044439589991,TRUE,53,0.1047473504,0.09087432519
"sport",1,177,"lost","+",0.677720569646553,0.677720569646553,TRUE,65,0.1181148693,0.09176162307
"sport",1,178,"ipod","-",-0.600867934785591,0.600867934785591,TRUE,10,0.04577996367,0.07686499106
"sport",1,179,"keeper","+",0.565520250975348,0.565520250975348,TRUE,44,0.05265341809,0.05761189303
"sport",1,180,"failed","+",0.50979269736743,0.50979269736743,TRUE,173,0.1804925727,0.06579167856
"sport",1,181,"generation","-",-0.506348108924726,0.506348108924726,TRUE,24,0.05960292406,0.05746213139
"sport",1,182,"anti","-",-0.492925186850927,0.492925186850927,TRUE,25,0.08089603343,0.09886808034
"sport",1,183,"european","-",-0.489878300984822,0.489878300984822,TRUE,67,0.1623433474,0.140788394
"sport",1,184,"xbox","-",-0.481265033471558,0.481265033471558,TRUE,24,0.05451960202,0.08693849319
"sport",1,185,"broadband","-",-0.459464586525496,0.459464586525496,TRUE,14,0.04352755421,0.06547287118
"sport",1,186,"giant","-",-0.457318175246881,0.457318175246881,TRUE,25,0.0647530218,0.05969101388
"sport",1,187,"her","+",0.360380437382043,0.360380437382043,TRUE,70,0.1026745197,0.06327084131
"sport",1,188,"illegal","-",-0.335229371726495,0.335229371726495,TRUE,61,0.08462335859,0.06259483683
"sport",1,189,"rapper","-",-0.325346745982178,0.325346745982178,TRUE,25,0.04753402313,0.05954307042
"sport",1,190,"virus","-",-0.304085758773515,0.304085758773515,TRUE,14,0.03919468893,0.05323346989
"sport",1,191,"race","+",0.279884144290158,0.279884144290158,TRUE,52,0.08399985542,0.06697905433
"sport",1,192,"date","-",-0.25682747092511,0.25682747092511,TRUE,160,0.1972117568,0.08291384538
"sport",1,193,"europe","+",0.256482534982762,0.256482534982762,TRUE,106,0.2324941592,0.1848249932
"sport",1,194,"tie","+",0.192118742067342,0.192118742067342,TRUE,21,0.05005416282,0.05912052287
"sport",1,195,"directors","-",-0.139504554960967,0.139504554960967,TRUE,66,0.1026552425,0.06191488067
"sport",1,196,"popular","-",-0.130203552738125,0.130203552738125,TRUE,46,0.0715987102,0.04911495309
"sport",1,197,"speed","-",-0.127248337032031,0.127248337032031,TRUE,58,0.09229786653,0.06956478579
"sport",1,198,"hen","+",0.119132160774857,0.119132160774857,TRUE,9,0.04829712013,0.0966819691
"sport",1,199,"future","-",-0.114824589875582,0.114824589875582,TRUE,32,0.08747387185,0.1009940109
"sport",1,200,"after","+",0.0579511740077727,0.0579511740077727,TRUE,65,0.08127356908,0.05350987242
"sport",1,201,"newcastle","+",0.0554482651235748,0.0554482651235748,TRUE,18,0.05926432958,0.1118917922
"sport",1,202,"personal","-",-0.0535373703844551,0.0535373703844551,TRUE,24,0.05093410448,0.05048366721
"sport",1,203,"rock","-",-0.0147701124262012,0.0147701124262012,TRUE,25,0.05508617269,0.05765417671
"sport",1,204,"out","+",0.0132978300508526,0.0132978300508526,TRUE,104,0.1827137159,0.1239001742
"sport",1,205,"indoor","+",0.00731173612910618,0.00731173612910618,TRUE,11,0.04774047107,0.08290747884
"sport",1,206,"chris","+",0.00716976192762697,0.00716976192762697,TRUE,25,0.0785219082,0.1064888693
"tech",2,1,"tech","+",24.6840310135766,24.6840310135766,TRUE,82,0.1694688451,0.1273049455
"tech",2,2,"software","+",21.8128302652141,21.8128302652141,TRUE,69,0.1366783806,0.1346246663
"tech",2,3,"computer","+",20.7784791376649,20.7784791376649,TRUE,80,0.1291885552,0.09696283153
"tech",2,4,"actor","-",-19.9275557647363,19.9275557647363,TRUE,212,0.3086562196,0.1114906173
"tech",2,5,"internet","+",18.9785966418241,18.9785966418241,TRUE,72,0.1342159439,0.1146720682
"tech",2,6,"won","-",-16.6485266334812,16.6485266334812,TRUE,177,0.3041922966,0.1474893149
"tech",2,7,"champion","-",-16.0938383837713,16.0938383837713,TRUE,145,0.2493203491,0.1419873957
"tech",2,8,"computers","+",15.6507513577253,15.6507513577253,TRUE,77,0.107174968,0.06686468252
"tech",2,9,"people","+",14.5866489379463,14.5866489379463,TRUE,105,0.1519974208,0.08283655061
"tech",2,10,"mobile","+",14.2802517214599,14.2802517214599,TRUE,46,0.1068765467,0.1193033324
"tech",2,11,"win","-",-14.2069996542303,14.2069996542303,TRUE,146,0.3233395722,0.2245556326
"tech",2,12,"users","+",13.7962705223505,13.7962705223505,TRUE,69,0.09921026875,0.06079848909
"tech",2,13,"digital","+",13.3537147617127,13.3537147617127,TRUE,43,0.1270289284,0.149694468
"tech",2,14,"film","-",-12.7988565738599,12.7988565738599,TRUE,118,0.2306716911,0.1694579058
"tech",2,15,"award","-",-12.4846897535748,12.4846897535748,TRUE,99,0.1936207862,0.1631453367
"tech",2,16,"firms","+",12.2767502464716,12.2767502464716,TRUE,55,0.09793044743,0.07179275596
"tech",2,17,"match","-",-12.234733072294,12.234733072294,TRUE,104,0.202227768,0.1454662523
"tech",2,18,"team","-",-12.0598328790078,12.0598328790078,TRUE,131,0.2085139609,0.110676635
"tech",2,19,"because","+",12.0203325041625,12.0203325041625,TRUE,205,0.3069867148,0.1354007007
"tech",2,20,"football","-",-11.8905676778822,11.8905676778822,TRUE,106,0.1932351342,0.1418960023
"tech",2,21,"old","-",-11.8638567779243,11.8638567779243,TRUE,104,0.299084459,0.2845705288
"tech",2,22,"microsoft","+",11.7948739471437,11.7948739471437,TRUE,30,0.09833294431,0.1295198034
"tech",2,23,"net","+",11.0421254115192,11.0421254115192,TRUE,36,0.1078248899,0.1292356181
"tech",2,24,"companies","+",10.2744327861016,10.2744327861016,TRUE,83,0.1069490224,0.05495654088
"tech",2,25,"awards","-",-9.96991519279683,9.96991519279683,TRUE,64,0.1650314761,0.1611080536
"tech",2,26,"download","+",9.7970433313752,9.7970433313752,TRUE,38,0.1103468023,0.1260037613
"tech",2,27,"cost","+",8.87243945739036,8.87243945739036,TRUE,72,0.1354862008,0.09809083122
"tech",2,28,"club","-",-8.84723099872633,8.84723099872633,TRUE,135,0.1701405717,0.08098740464
"tech",2,29,"oscar","-",-8.79726912346752,8.79726912346752,TRUE,56,0.1411905524,0.1832108283
"tech",2,30,"web","+",8.65558090106735,8.65558090106735,TRUE,43,0.07976275912,0.07491106211
"tech",2,31,"electronic","+",8.62649914621867,8.62649914621867,TRUE,52,0.09035026466,0.06164713869
"tech",2,32,"star","-",-8.56881639164329,8.56881639164329,TRUE,96,0.1756716952,0.1248596149
"tech",2,33,"news","+",8.56126445115823,8.56126445115823,TRUE,56,0.1269418607,0.1168782172
"tech",2,34,"phones","+",8.43071225337323,8.43071225337323,TRUE,37,0.0763370077,0.06536434659
"tech",2,35,"bbc","+",8.11926035513027,8.11926035513027,TRUE,127,0.373110276,0.4100428175
"tech",2,36,"medal","-",-7.87952124937533,7.87952124937533,TRUE,135,0.1742490942,0.0835623959
"tech",2,37,"devices","+",7.6662136810323,7.6662136810323,TRUE,51,0.07899449204,0.05101829806
"tech",2,38,"firm","+",7.64417858915277,7.64417858915277,TRUE,51,0.07998967055,0.05981831549
"tech",2,39,"actors","-",-7.58154935166219,7.58154935166219,TRUE,84,0.1311541106,0.07510300677
"tech",2,40,"online","+",7.48217382718791,7.48217382718791,TRUE,36,0.08178804187,0.06968182355
"tech",2,41,"she","-",-7.2305176215105,7.2305176215105,TRUE,109,0.1968032017,0.1439708441
"tech",2,42,"coach","-",-7.20407986722743,7.20407986722743,TRUE,91,0.1371568782,0.1304164918
"tech",2,43,"score","-",-7.19033990051203,7.19033990051203,TRUE,79,0.1484673016,0.11475807
"tech",2,44,"singer","-",-7.14878701483184,7.14878701483184,TRUE,76,0.1383121663,0.1145048588
"tech",2,45,"phone","+",7.00938234807066,7.00938234807066,TRUE,40,0.07117281063,0.05712225547
"tech",2,46,"play","-",-6.89234613976071,6.89234613976071,TRUE,170,0.2909178066,0.1441337206
"tech",2,47,"movie","-",-6.88208964310325,6.88208964310325,TRUE,68,0.1520084946,0.1147284262
"tech",2,48,"yes","+",6.8764957144362,6.8764957144362,TRUE,175,0.1660816532,0.05199904915
"tech",2,49,"cast","-",-6.81844609104824,6.81844609104824,TRUE,107,0.1347718923,0.07671821059
"tech",2,50,"free","+",6.64492796722891,6.64492796722891,TRUE,38,0.08549004537,0.08416152184
"tech",2,51,"consumers","+",6.60804992691445,6.60804992691445,TRUE,35,0.06926397879,0.05757888946
"tech",2,52,"consumer","+",6.53215259701174,6.53215259701174,TRUE,30,0.07056565865,0.07375664825
"tech",2,53,"scotland","-",-6.10648480103037,6.10648480103037,TRUE,75,0.1511669671,0.1729791291
"tech",2,54,"england","-",-5.96455919406617,5.96455919406617,TRUE,142,0.1784269581,0.1098432109
"tech",2,55,"wireless","+",5.85451291240485,5.85451291240485,TRUE,51,0.06462528854,0.05501328298
"tech",2,56,"tennis","-",-5.74070143684827,5.74070143684827,TRUE,36,0.1118008477,0.156334847
"tech",2,57,"cup","-",-5.52667962784248,5.52667962784248,TRUE,36,0.1124473097,0.131527767
"tech",2,58,"market","+",5.39188557162356,5.39188557162356,TRUE,43,0.07886806813,0.06349632306
"tech",2,59,"launched","+",5.29190761567057,5.29190761567057,TRUE,46,0.09071501962,0.06772634048
"tech",2,60,"europe","+",5.29123322516399,5.29123322516399,TRUE,106,0.2324941592,0.1848249932
"tech",2,61,"launch","+",5.2562695379509,5.2562695379509,TRUE,42,0.09478562815,0.07673832551
"tech",2,62,"song","-",-5.19106035372846,5.19106035372846,TRUE,114,0.1397980656,0.08468951642
"tech",2,63,"final","-",-4.91282432207576,4.91282432207576,TRUE,58,0.1319382765,0.1289209085
"tech",2,64,"media","+",4.79625216456603,4.79625216456603,TRUE,40,0.08875230655,0.08330263753
"tech",2,65,"apple","+",4.65982112179196,4.65982112179196,TRUE,32,0.07025062811,0.09147558561
"tech",2,66,"andy","-",-4.41300300183978,4.41300300183978,TRUE,43,0.1183245505,0.1603307957
"tech",2,67,"music","+",4.39691911453982,4.39691911453982,TRUE,94,0.1901213351,0.1379008624
"tech",2,68,"data","+",4.35409967296082,4.35409967296082,TRUE,25,0.05830119004,0.05203151576
"tech",2,69,"australia","-",-4.28208969686569,4.28208969686569,TRUE,54,0.1283505641,0.144952644
"tech",2,70,"nominated","-",-4.26260409918208,4.26260409918208,TRUE,41,0.09169231794,0.08516571757
"tech",2,71,"player","-",-4.25278780290163,4.25278780290163,TRUE,148,0.2346624067,0.1167228115
"tech",2,72,"festival","-",-4.20635401394521,4.20635401394521,TRUE,124,0.1371373265,0.07386904149
"tech",2,73,"european","+",4.18039433757603,4.18039433757603,TRUE,67,0.1623433474,0.140788394
"tech",2,74,"saturday","-",-4.17247565595489,4.17247565595489,TRUE,44,0.1285725511,0.16569639
"tech",2,75,"movies","-",-4.07384743099983,4.07384743099983,TRUE,79,0.1416605562,0.08865198331
"tech",2,76,"six","-",-4.05434951864646,4.05434951864646,TRUE,46,0.1073147648,0.1068127691
"tech",2,77,"price","+",4.02749060066115,4.02749060066115,TRUE,76,0.1905624552,0.180807007
"tech",2,78,"ireland","-",-3.95042872551821,3.95042872551821,TRUE,85,0.1539150205,0.1691301924
"tech",2,79,"rugby","-",-3.94939866372266,3.94939866372266,TRUE,40,0.09512712152,0.1238948956
"tech",2,80,"many","+",3.90136528202844,3.90136528202844,TRUE,103,0.1487910496,0.08362828107
"tech",2,81,"chelsea","-",-3.88972855476875,3.88972855476875,TRUE,24,0.09576635016,0.2120236374
"tech",2,82,"mail","+",3.86315128702493,3.86315128702493,TRUE,29,0.06470020865,0.06004936684
"tech",2,83,"starring","-",-3.77376569655441,3.77376569655441,TRUE,72,0.09056380493,0.05053211967
"tech",2,84,"downloads","+",3.7471469755717,3.7471469755717,TRUE,34,0.07064470719,0.06062899967
"tech",2,85,"directed","-",-3.74659924927848,3.74659924927848,TRUE,45,0.08921006866,0.07255948265
"tech",2,86,"video","+",3.71183276804876,3.71183276804876,TRUE,46,0.09532960448,0.08052895808
"tech",2,87,"championship","-",-3.63200203719683,3.63200203719683,TRUE,50,0.09337158848,0.07773416597
"tech",2,88,"spain","-",-3.56682507690643,3.56682507690643,TRUE,63,0.108668638,0.1069642108
"tech",2,89,"boss","-",-3.50533203631243,3.50533203631243,TRUE,34,0.09220602959,0.1183682737
"tech",2,90,"portable","+",3.446592349467,3.446592349467,TRUE,18,0.06229057711,0.08583300277
"tech",2,91,"importance","+",3.41117490053604,3.41117490053604,TRUE,41,0.08070417886,0.06653622863
"tech",2,92,"band","-",-3.31570470465078,3.31570470465078,TRUE,55,0.09529523535,0.08974703808
"tech",2,93,"stadium","-",-3.31429395965275,3.31429395965275,TRUE,108,0.1002046716,0.05001828766
"tech",2,94,"gaming","+",3.23527877214271,3.23527877214271,TRUE,36,0.06469345625,0.05523249563
"tech",2,95,"said","+",3.09613097076616,3.09613097076616,TRUE,285,0.4945901165,0.1303818758
"tech",2,96,"based","+",3.03177832276065,3.03177832276065,TRUE,54,0.1087750513,0.09180754405
"tech",2,97,"fee","+",3.00959926953877,3.00959926953877,TRUE,66,0.1448495233,0.109908448
"tech",2,98,"tournament","-",-2.89413962446409,2.89413962446409,TRUE,60,0.08015905997,0.0512335617
"tech",2,99,"popularity","+",2.84453474446247,2.84453474446247,TRUE,62,0.08347148573,0.05487465672
"tech",2,100,"coaching","-",-2.83238120095645,2.83238120095645,TRUE,34,0.08327664674,0.08543383283
"tech",2,101,"films","-",-2.82504041149396,2.82504041149396,TRUE,76,0.1176614102,0.06343603701
"tech",2,102,"latest","+",2.78328210564927,2.78328210564927,TRUE,99,0.1318985455,0.07856255528
"tech",2,103,"open","-",-2.6295654012253,2.6295654012253,TRUE,81,0.1491450324,0.1396202747
"tech",2,104,"chip","+",2.57822788204844,2.57822788204844,TRUE,32,0.05117306019,0.04965495286
"tech",2,105,"games","+",2.54885548911445,2.54885548911445,TRUE,98,0.1881066541,0.129912487
"tech",2,106,"injuries","-",-2.4701047624835,2.4701047624835,TRUE,38,0.09326742196,0.08345229015
"tech",2,107,"injury","-",-2.41767294988128,2.41767294988128,TRUE,45,0.08945475165,0.07938320191
"tech",2,108,"best","-",-2.40941263443292,2.40941263443292,TRUE,76,0.1117660131,0.0727766876
"tech",2,109,"nominations","-",-2.37420914672581,2.37420914672581,TRUE,33,0.07076425114,0.05672343054
"tech",2,110,"clubs","-",-2.30129933326941,2.30129933326941,TRUE,65,0.0926978662,0.06189347103
"tech",2,111,"died","-",-2.27690606575494,2.27690606575494,TRUE,68,0.08099984625,0.04915538749
"tech",2,112,"beat","-",-2.27668522119088,2.27668522119088,TRUE,55,0.1184657629,0.1071716918
"tech",2,113,"age","-",-2.27569156504853,2.27569156504853,TRUE,92,0.1939881207,0.1362962164
"tech",2,114,"fast","+",2.25321617750558,2.25321617750558,TRUE,33,0.05913567076,0.05245710599
"tech",2,115,"australian","-",-2.22727413967782,2.22727413967782,TRUE,31,0.1013683763,0.1238914618
"tech",2,116,"host","-",-2.21411462045073,2.21411462045073,TRUE,56,0.09994283015,0.09797573731
"tech",2,117,"show","-",-2.12943758500496,2.12943758500496,TRUE,103,0.1750934009,0.1276695435
"tech",2,118,"new","+",2.12584280578285,2.12584280578285,TRUE,98,0.1522674283,0.1006625668
"tech",2,119,"players","+",2.09502865339156,2.09502865339156,TRUE,109,0.176131807,0.0976186712
"tech",2,120,"comedy","-",-2.08726781398825,2.08726781398825,TRUE,29,0.07049586628,0.06442374601
"tech",2,121,"injured","-",-2.06309541110834,2.06309541110834,TRUE,39,0.08252455526,0.06564094195
"tech",2,122,"manager","-",-1.95508058237776,1.95508058237776,TRUE,82,0.1533922588,0.1261357855
"tech",2,123,"hit","-",-1.93028128249217,1.93028128249217,TRUE,70,0.1019723098,0.06534637227
"tech",2,124,"electronics","+",1.90832933494028,1.90832933494028,TRUE,26,0.05188153577,0.05474886688
"tech",2,125,"nomination","-",-1.86722247933062,1.86722247933062,TRUE,32,0.06326232722,0.04868135033
"tech",2,126,"released","+",1.82401202782953,1.82401202782953,TRUE,98,0.1484404026,0.09753527724
"tech",2,127,"hollywood","-",-1.77461882945687,1.77461882945687,TRUE,33,0.09073946461,0.1032139246
"tech",2,128,"musical","+",1.74953728872947,1.74953728872947,TRUE,78,0.1399865716,0.1172321115
"tech",2,129,"ibm","+",1.74552006446393,1.74552006446393,TRUE,15,0.04389270785,0.08017080328
"tech",2,130,"google","+",1.74545321214039,1.74545321214039,TRUE,15,0.0439590623,0.06555574904
"tech",2,131,"arsenal","-",-1.69361202084974,1.69361202084974,TRUE,20,0.06730854058,0.1513935058
"tech",2,132,"aviator","-",-1.68621626997485,1.68621626997485,TRUE,12,0.06692777541,0.1328878977
"tech",2,133,"sony","+",1.61600455592223,1.61600455592223,TRUE,23,0.08551299142,0.1166484407
"tech",2,134,"speed","+",1.55551991900425,1.55551991900425,TRUE,58,0.09229786653,0.06956478579
"tech",2,135,"nations","-",-1.51037565609052,1.51037565609052,TRUE,36,0.1000003841,0.1135281182
"tech",2,136,"stolen","+",1.49218337201765,1.49218337201765,TRUE,60,0.07179593578,0.04882857543
"tech",2,137,"game","+",1.4774396895068,1.4774396895068,TRUE,131,0.2133684572,0.1287770899
"tech",2,138,"premiership","-",-1.45439808761233,1.45439808761233,TRUE,13,0.06446719335,0.1140393894
"tech",2,139,"sunday","-",-1.44125501559694,1.44125501559694,TRUE,35,0.1058572648,0.1210281898
"tech",2,140,"referee","-",-1.42661728242942,1.42661728242942,TRUE,56,0.06593320425,0.0658189982
"tech",2,141,"michael","-",-1.4102951771565,1.4102951771565,TRUE,26,0.07865033572,0.1074197206
"tech",2,142,"irish","-",-1.36351102985176,1.36351102985176,TRUE,35,0.1071932334,0.137314178
"tech",2,143,"british","+",1.34475722153393,1.34475722153393,TRUE,122,0.1941128991,0.1080430138
"tech",2,144,"sports","-",-1.3279752172348,1.3279752172348,TRUE,66,0.08658798958,0.05161421418
"tech",2,145,"league","-",-1.30282111002124,1.30282111002124,TRUE,23,0.06280665057,0.07002072116
"tech",2,146,"death","-",-1.30142566177975,1.30142566177975,TRUE,44,0.0696601261,0.04963432193
"tech",2,147,"kick","-",-1.26092908453608,1.26092908453608,TRUE,49,0.07918234715,0.07506490876
"tech",2,148,"channel","-",-1.25935982611361,1.25935982611361,TRUE,66,0.09243241163,0.06424461991
"tech",2,149,"slam","-",-1.24787745979996,1.24787745979996,TRUE,25,0.06252391999,0.08380227425
"tech",2,150,"olympic","-",-1.23664272329006,1.23664272329006,TRUE,29,0.07793127671,0.09281994868
"tech",2,151,"illegal","+",1.23175713578573,1.23175713578573,TRUE,61,0.08462335859,0.06259483683
"tech",2,152,"against","-",-1.22327881995659,1.22327881995659,TRUE,102,0.1539074266,0.08938860407
"tech",2,153,"champions","-",-1.20953646918849,1.20953646918849,TRUE,40,0.06648959993,0.04830986059
"tech",2,154,"ipod","+",1.20173562003369,1.20173562003369,TRUE,10,0.04577996367,0.07686499106
"tech",2,155,"bands","-",-1.16589857322941,1.16589857322941,TRUE,42,0.06921201466,0.05035307935
"tech",2,156,"back","-",-1.13065503521924,1.13065503521924,TRUE,88,0.156464619,0.10971957
"tech",2,157,"liverpool","-",-1.03867739904483,1.03867739904483,TRUE,44,0.06701853349,0.07163308796
"tech",2,158,"wales","-",-1.02773396575059,1.02773396575059,TRUE,20,0.07283645945,0.1219509871
"tech",2,159,"director","-",-1.01598457303887,1.01598457303887,TRUE,120,0.2127398567,0.1487678556
"tech",2,160,"angeles","-",-0.964948795113548,0.964948795113548,TRUE,25,0.05524351373,0.05269744
"tech",2,161,"broadband","+",0.918929169142312,0.918929169142312,TRUE,14,0.04352755421,0.06547287118
"tech",2,162,"suffered","-",-0.901383804087348,0.901383804087348,TRUE,71,0.09892313268,0.07018729482
"tech",2,163,"written","-",-0.892918992551976,0.892918992551976,TRUE,66,0.1071033471,0.07418060731
"tech",2,164,"pop","-",-0.849906945907954,0.849906945907954,TRUE,26,0.08918365555,0.1104686199
"tech",2,165,"italian","-",-0.828731396037007,0.828731396037007,TRUE,46,0.08593696687,0.09642005062
"tech",2,166,"early","-",-0.824234326503916,0.824234326503916,TRUE,146,0.1592275395,0.05587289532
"tech",2,167,"former","-",-0.815198906723976,0.815198906723976,TRUE,52,0.1034186237,0.0840438711
"tech",2,168,"generation","+",0.802503979316668,0.802503979316668,TRUE,24,0.05960292406,0.05746213139
"tech",2,169,"xbox","+",0.782063361990842,0.782063361990842,TRUE,24,0.05451960202,0.08693849319
"tech",2,170,"lost","-",-0.765714565502721,0.765714565502721,TRUE,65,0.1181148693,0.09176162307
"tech",2,171,"anti","+",0.754207405606694,0.754207405606694,TRUE,25,0.08089603343,0.09886808034
"tech",2,172,"giant","+",0.74576493076623,0.74576493076623,TRUE,25,0.0647530218,0.05969101388
"tech",2,173,"audience","-",-0.737923733242796,0.737923733242796,TRUE,60,0.07872384287,0.05815552929
"tech",2,174,"los","-",-0.725756197665478,0.725756197665478,TRUE,23,0.06801989087,0.07353847519
"tech",2,175,"television","+",0.693701721542423,0.693701721542423,TRUE,63,0.1049801346,0.06674447468
"tech",2,176,"future","+",0.684522348245208,0.684522348245208,TRUE,32,0.08747387185,0.1009940109
"tech",2,177,"virus","+",0.681359588553436,0.681359588553436,TRUE,14,0.03919468893,0.05323346989
"tech",2,178,"world","-",-0.647001052038686,0.647001052038686,TRUE,95,0.1845395834,0.1304585336
"tech",2,179,"manchester","-",-0.628784285380946,0.628784285380946,TRUE,24,0.06090345871,0.08876340556
"tech",2,180,"middlesbrough","-",-0.585676625298155,0.585676625298155,TRUE,9,0.05353074471,0.1137905262
"tech",2,181,"france","-",-0.559231880388644,0.559231880388644,TRUE,75,0.1426044549,0.1215816993
"tech",2,182,"double","-",-0.544455199065689,0.544455199065689,TRUE,29,0.1041720187,0.1476947253
"tech",2,183,"songs","-",-0.539200399573179,0.539200399573179,TRUE,86,0.1271882602,0.07673886759
"tech",2,184,"penalty","-",-0.524935233488079,0.524935233488079,TRUE,59,0.07711805375,0.05904469733
"tech",2,185,"release","+",0.517493894766792,0.517493894766792,TRUE,89,0.1142241251,0.06980871245
"tech",2,186,"her","-",-0.508906885229479,0.508906885229479,TRUE,70,0.1026745197,0.06327084131
"tech",2,187,"half","-",-0.499295541783694,0.499295541783694,TRUE,47,0.1433522602,0.1895177845
"tech",2,188,"international","-",-0.439397942421111,0.439397942421111,TRUE,53,0.1047473504,0.09087432519
"tech",2,189,"striker","-",-0.380963630408075,0.380963630408075,TRUE,16,0.05296843933,0.08103283455
"tech",2,190,"keeper","-",-0.286256331185934,0.286256331185934,TRUE,44,0.05265341809,0.05761189303
"tech",2,191,"rapper","-",-0.267956678863878,0.267956678863878,TRUE,25,0.04753402313,0.05954307042
"tech",2,192,"chart","-",-0.266892412247192,0.266892412247192,TRUE,34,0.07673045862,0.07296745996
"tech",2,193,"chris","-",-0.236546269946416,0.236546269946416,TRUE,25,0.0785219082,0.1064888693
"tech",2,194,"failed","-",-0.224701474856804,0.224701474856804,TRUE,173,0.1804925727,0.06579167856
"tech",2,195,"race","-",-0.219507313503662,0.219507313503662,TRUE,52,0.08399985542,0.06697905433
"tech",2,196,"popular","+",0.137820259839883,0.137820259839883,TRUE,46,0.0715987102,0.04911495309
"tech",2,197,"personal","+",0.132357469776222,0.132357469776222,TRUE,24,0.05093410448,0.05048366721
"tech",2,198,"date","-",-0.127835286277868,0.127835286277868,TRUE,160,0.1972117568,0.08291384538
"tech",2,199,"tie","-",-0.0923960871168705,0.0923960871168705,TRUE,21,0.05005416282,0.05912052287
"tech",2,200,"hen","-",-0.0595660803874773,0.0595660803874773,TRUE,9,0.04829712013,0.0966819691
"tech",2,201,"after","-",-0.0381637324838504,0.0381637324838504,TRUE,65,0.08127356908,0.05350987242
"tech",2,202,"newcastle","-",-0.0336157355482545,0.0336157355482545,TRUE,18,0.05926432958,0.1118917922
"tech",2,203,"directors","-",-0.026721830321188,0.026721830321188,TRUE,66,0.1026552425,0.06191488067
"tech",2,204,"rock","-",-0.0161502998303114,0.0161502998303114,TRUE,25,0.05508617269,0.05765417671
"tech",2,205,"out","-",-0.00717079074292926,0.00717079074292926,TRUE,104,0.1827137159,0.1239001742
"tech",2,206,"indoor","-",-0.00365682453437621,0.00365682453437621,TRUE,11,0.04774047107,0.08290747884
"entertainment",3,1,"film","+",30.1426574717033,30.1426574717033,TRUE,118,0.2306716911,0.1694579058
"entertainment",3,2,"award","+",23.0953418711869,23.0953418711869,TRUE,99,0.1936207862,0.1631453367
"entertainment",3,3,"actor","+",21.9278858584669,21.9278858584669,TRUE,212,0.3086562196,0.1114906173
"entertainment",3,4,"awards","+",19.6391302834514,19.6391302834514,TRUE,64,0.1650314761,0.1611080536
"entertainment",3,5,"oscar","+",17.4574954699323,17.4574954699323,TRUE,56,0.1411905524,0.1832108283
"entertainment",3,6,"movie","+",16.6320979929285,16.6320979929285,TRUE,68,0.1520084946,0.1147284262
"entertainment",3,7,"singer","+",15.2760288385208,15.2760288385208,TRUE,76,0.1383121663,0.1145048588
"entertainment",3,8,"actors","+",15.0797671700678,15.0797671700678,TRUE,84,0.1311541106,0.07510300677
"entertainment",3,9,"champion","-",-13.2244574220089,13.2244574220089,TRUE,145,0.2493203491,0.1419873957
"entertainment",3,10,"player","-",-12.8884946029008,12.8884946029008,TRUE,148,0.2346624067,0.1167228115
"entertainment",3,11,"match","-",-12.5124955259921,12.5124955259921,TRUE,104,0.202227768,0.1454662523
"entertainment",3,12,"movies","+",12.3958214304131,12.3958214304131,TRUE,79,0.1416605562,0.08865198331
"entertainment",3,13,"tech","-",-11.9511147558031,11.9511147558031,TRUE,82,0.1694688451,0.1273049455
"entertainment",3,14,"football","-",-11.8056924584625,11.8056924584625,TRUE,106,0.1932351342,0.1418960023
"entertainment",3,15,"team","-",-11.6703892010009,11.6703892010009,TRUE,131,0.2085139609,0.110676635
"entertainment",3,16,"song","+",11.5370798049544,11.5370798049544,TRUE,114,0.1397980656,0.08468951642
"entertainment",3,17,"star","+",11.2726839234262,11.2726839234262,TRUE,96,0.1756716952,0.1248596149
"entertainment",3,18,"software","-",-10.8996590720302,10.8996590720302,TRUE,69,0.1366783806,0.1346246663
"entertainment",3,19,"cast","+",10.5780369126607,10.5780369126607,TRUE,107,0.1347718923,0.07671821059
"entertainment",3,20,"computer","-",-10.3637482805421,10.3637482805421,TRUE,80,0.1291885552,0.09696283153
"entertainment",3,21,"show","+",9.62232362191777,9.62232362191777,TRUE,103,0.1750934009,0.1276695435
"entertainment",3,22,"internet","-",-8.97876143407932,8.97876143407932,TRUE,72,0.1342159439,0.1146720682
"entertainment",3,23,"films","+",8.78163523877807,8.78163523877807,TRUE,76,0.1176614102,0.06343603701
"entertainment",3,24,"because","-",-8.52906005975825,8.52906005975825,TRUE,205,0.3069867148,0.1354007007
"entertainment",3,25,"club","-",-8.40504322635287,8.40504322635287,TRUE,135,0.1701405717,0.08098740464
"entertainment",3,26,"nominated","+",8.36975846083902,8.36975846083902,TRUE,41,0.09169231794,0.08516571757
"entertainment",3,27,"computers","-",-7.8222158746027,7.8222158746027,TRUE,77,0.107174968,0.06686468252
"entertainment",3,28,"band","+",7.79572438658464,7.79572438658464,TRUE,55,0.09529523535,0.08974703808
"entertainment",3,29,"directed","+",7.31302180141461,7.31302180141461,TRUE,45,0.08921006866,0.07255948265
"entertainment",3,30,"starring","+",7.28539517561091,7.28539517561091,TRUE,72,0.09056380493,0.05053211967
"entertainment",3,31,"mobile","-",-7.14012546223169,7.14012546223169,TRUE,46,0.1068765467,0.1193033324
"entertainment",3,32,"users","-",-6.83865567217704,6.83865567217704,TRUE,69,0.09921026875,0.06079848909
"entertainment",3,33,"manager","-",-6.73596756781408,6.73596756781408,TRUE,82,0.1533922588,0.1261357855
"entertainment",3,34,"coach","-",-6.73246601784045,6.73246601784045,TRUE,91,0.1371568782,0.1304164918
"entertainment",3,35,"players","-",-6.3495671157728,6.3495671157728,TRUE,109,0.176131807,0.0976186712
"entertainment",3,36,"songs","+",6.34621202583976,6.34621202583976,TRUE,86,0.1271882602,0.07673886759
"entertainment",3,37,"music","+",6.33284604662802,6.33284604662802,TRUE,94,0.1901213351,0.1379008624
"entertainment",3,38,"firms","-",-6.31548321841213,6.31548321841213,TRUE,55,0.09793044743,0.07179275596
"entertainment",3,39,"net","-",-6.06536300263995,6.06536300263995,TRUE,36,0.1078248899,0.1292356181
"entertainment",3,40,"microsoft","-",-5.89743698412936,5.89743698412936,TRUE,30,0.09833294431,0.1295198034
"entertainment",3,41,"game","-",-5.87674945939746,5.87674945939746,TRUE,131,0.2133684572,0.1287770899
"entertainment",3,42,"festival","+",5.56873626523262,5.56873626523262,TRUE,124,0.1371373265,0.07386904149
"entertainment",3,43,"europe","-",-5.54771576014675,5.54771576014675,TRUE,106,0.2324941592,0.1848249932
"entertainment",3,44,"digital","-",-5.53543295972441,5.53543295972441,TRUE,43,0.1270289284,0.149694468
"entertainment",3,45,"cup","-",-5.52667962774811,5.52667962774811,TRUE,36,0.1124473097,0.131527767
"entertainment",3,46,"england","-",-5.44818434369729,5.44818434369729,TRUE,142,0.1784269581,0.1098432109
"entertainment",3,47,"hollywood","+",5.30700232272227,5.30700232272227,TRUE,33,0.09073946461,0.1032139246
"entertainment",3,48,"tennis","-",-5.30160334938595,5.30160334938595,TRUE,36,0.1118008477,0.156334847
"entertainment",3,49,"yes","-",-5.28856810250921,5.28856810250921,TRUE,175,0.1660816532,0.05199904915
"entertainment",3,50,"she","+",5.14221101607983,5.14221101607983,TRUE,109,0.1968032017,0.1439708441
"entertainment",3,51,"said","-",-4.89903848581973,4.89903848581973,TRUE,285,0.4945901165,0.1303818758
"entertainment",3,52,"people","-",-4.73067945800263,4.73067945800263,TRUE,105,0.1519974208,0.08283655061
"entertainment",3,53,"nominations","+",4.7050966378173,4.7050966378173,TRUE,33,0.07076425114,0.05672343054
"entertainment",3,54,"price","+",4.70348106269331,4.70348106269331,TRUE,76,0.1905624552,0.180807007
"entertainment",3,55,"comedy","+",4.61274384878506,4.61274384878506,TRUE,29,0.07049586628,0.06442374601
"entertainment",3,56,"musical","+",4.42389322235891,4.42389322235891,TRUE,78,0.1399865716,0.1172321115
"entertainment",3,57,"written","+",4.33529436443666,4.33529436443666,TRUE,66,0.1071033471,0.07418060731
"entertainment",3,58,"phones","-",-4.21535612554824,4.21535612554824,TRUE,37,0.0763370077,0.06536434659
"entertainment",3,59,"six","-",-4.16415679991023,4.16415679991023,TRUE,46,0.1073147648,0.1068127691
"entertainment",3,60,"firm","-",-4.15721215785971,4.15721215785971,TRUE,51,0.07998967055,0.05981831549
"entertainment",3,61,"companies","-",-4.15072177092228,4.15072177092228,TRUE,83,0.1069490224,0.05495654088
"entertainment",3,62,"score","-",-4.09888618919632,4.09888618919632,TRUE,79,0.1484673016,0.11475807
"entertainment",3,63,"web","-",-4.00538929519761,4.00538929519761,TRUE,43,0.07976275912,0.07491106211
"entertainment",3,64,"electronic","-",-3.97732411683821,3.97732411683821,TRUE,52,0.09035026466,0.06164713869
"entertainment",3,65,"rugby","-",-3.94939907926543,3.94939907926543,TRUE,40,0.09512712152,0.1238948956
"entertainment",3,66,"chelsea","-",-3.88972855470148,3.88972855470148,TRUE,24,0.09576635016,0.2120236374
"entertainment",3,67,"download","-",-3.8677027897818,3.8677027897818,TRUE,38,0.1103468023,0.1260037613
"entertainment",3,68,"news","-",-3.78532437339615,3.78532437339615,TRUE,56,0.1269418607,0.1168782172
"entertainment",3,69,"best","+",3.77154540298029,3.77154540298029,TRUE,76,0.1117660131,0.0727766876
"entertainment",3,70,"devices","-",-3.76939774738677,3.76939774738677,TRUE,51,0.07899449204,0.05101829806
"entertainment",3,71,"nomination","+",3.73510102030731,3.73510102030731,TRUE,32,0.06326232722,0.04868135033
"entertainment",3,72,"open","-",-3.6909911613519,3.6909911613519,TRUE,81,0.1491450324,0.1396202747
"entertainment",3,73,"european","-",-3.69051603659121,3.69051603659121,TRUE,67,0.1623433474,0.140788394
"entertainment",3,74,"championship","-",-3.63039463929713,3.63039463929713,TRUE,50,0.09337158848,0.07773416597
"entertainment",3,75,"early","+",3.60024362562304,3.60024362562304,TRUE,146,0.1592275395,0.05587289532
"entertainment",3,76,"games","-",-3.57787560146945,3.57787560146945,TRUE,98,0.1881066541,0.129912487
"entertainment",3,77,"phone","-",-3.52755758168553,3.52755758168553,TRUE,40,0.07117281063,0.05712225547
"entertainment",3,78,"won","+",3.38246261456105,3.38246261456105,TRUE,177,0.3041922966,0.1474893149
"entertainment",3,79,"aviator","+",3.37243253995017,3.37243253995017,TRUE,12,0.06692777541,0.1328878977
"entertainment",3,80,"died","+",3.37095612005531,3.37095612005531,TRUE,68,0.08099984625,0.04915538749
"entertainment",3,81,"online","-",-3.34483876292522,3.34483876292522,TRUE,36,0.08178804187,0.06968182355
"entertainment",3,82,"pop","+",3.33605677294292,3.33605677294292,TRUE,26,0.08918365555,0.1104686199
"entertainment",3,83,"consumers","-",-3.30402448909967,3.30402448909967,TRUE,35,0.06926397879,0.05757888946
"entertainment",3,84,"consumer","-",-3.26607579155089,3.26607579155089,TRUE,30,0.07056565865,0.07375664825
"entertainment",3,85,"world","-",-3.26244226231678,3.26244226231678,TRUE,95,0.1845395834,0.1304585336
"entertainment",3,86,"free","-",-3.21924533160369,3.21924533160369,TRUE,38,0.08549004537,0.08416152184
"entertainment",3,87,"host","+",3.19134882802112,3.19134882802112,TRUE,56,0.09994283015,0.09797573731
"entertainment",3,88,"boss","-",-3.18813925063623,3.18813925063623,TRUE,34,0.09220602959,0.1183682737
"entertainment",3,89,"media","-",-3.11344698791395,3.11344698791395,TRUE,40,0.08875230655,0.08330263753
"entertainment",3,90,"director","+",3.08958959534805,3.08958959534805,TRUE,120,0.2127398567,0.1487678556
"entertainment",3,91,"win","-",-3.06986040717319,3.06986040717319,TRUE,146,0.3233395722,0.2245556326
"entertainment",3,92,"bands","+",3.06388542397527,3.06388542397527,TRUE,42,0.06921201466,0.05035307935
"entertainment",3,93,"old","+",3.05864332842391,3.05864332842391,TRUE,104,0.299084459,0.2845705288
"entertainment",3,94,"clubs","-",-3.05244507616709,3.05244507616709,TRUE,65,0.0926978662,0.06189347103
"entertainment",3,95,"channel","+",3.04419595233219,3.04419595233219,TRUE,66,0.09243241163,0.06424461991
"entertainment",3,96,"released","+",3.040207445258,3.040207445258,TRUE,98,0.1484404026,0.09753527724
"entertainment",3,97,"wireless","-",-2.92725645118122,2.92725645118122,TRUE,51,0.06462528854,0.05501328298
"entertainment",3,98,"tournament","-",-2.89413961514862,2.89413961514862,TRUE,60,0.08015905997,0.0512335617
"entertainment",3,99,"spain","-",-2.87726714101997,2.87726714101997,TRUE,63,0.108668638,0.1069642108
"entertainment",3,100,"death","+",2.87228257552026,2.87228257552026,TRUE,44,0.0696601261,0.04963432193
"entertainment",3,101,"nations","-",-2.83588932712908,2.83588932712908,TRUE,36,0.1000003841,0.1135281182
"entertainment",3,102,"coaching","-",-2.78852494448763,2.78852494448763,TRUE,34,0.08327664674,0.08543383283
"entertainment",3,103,"final","-",-2.70076172434921,2.70076172434921,TRUE,58,0.1319382765,0.1289209085
"entertainment",3,104,"hit","+",2.6730342406044,2.6730342406044,TRUE,70,0.1019723098,0.06534637227
"entertainment",3,105,"half","-",-2.58293453921263,2.58293453921263,TRUE,47,0.1433522602,0.1895177845
"entertainment",3,106,"michael","+",2.57690313477464,2.57690313477464,TRUE,26,0.07865033572,0.1074197206
"entertainment",3,107,"apple","-",-2.46656731280182,2.46656731280182,TRUE,32,0.07025062811,0.09147558561
"entertainment",3,108,"australia","-",-2.40880728990738,2.40880728990738,TRUE,54,0.1283505641,0.144952644
"entertainment",3,109,"scotland","-",-2.35755209762459,2.35755209762459,TRUE,75,0.1511669671,0.1729791291
"entertainment",3,110,"against","-",-2.35516973654324,2.35516973654324,TRUE,102,0.1539074266,0.08938860407
"entertainment",3,111,"injuries","-",-2.33367840177081,2.33367840177081,TRUE,38,0.09326742196,0.08345229015
"entertainment",3,112,"launched","-",-2.33179661307598,2.33179661307598,TRUE,46,0.09071501962,0.06772634048
"entertainment",3,113,"data","-",-2.28597161594088,2.28597161594088,TRUE,25,0.05830119004,0.05203151576
"entertainment",3,114,"bbc","-",-2.23951509180405,2.23951509180405,TRUE,127,0.373110276,0.4100428175
"entertainment",3,115,"market","-",-2.17205272409416,2.17205272409416,TRUE,43,0.07886806813,0.06349632306
"entertainment",3,116,"sports","-",-2.16732857779896,2.16732857779896,TRUE,66,0.08658798958,0.05161421418
"entertainment",3,117,"launch","-",-2.1630793357945,2.1630793357945,TRUE,42,0.09478562815,0.07673832551
"entertainment",3,118,"importance","-",-2.12780086414909,2.12780086414909,TRUE,41,0.08070417886,0.06653622863
"entertainment",3,119,"audience","+",2.05433960828776,2.05433960828776,TRUE,60,0.07872384287,0.05815552929
"entertainment",3,120,"injury","-",-2.04323029872421,2.04323029872421,TRUE,45,0.08945475165,0.07938320191
"entertainment",3,121,"mail","-",-1.98730488227855,1.98730488227855,TRUE,29,0.06470020865,0.06004936684
"entertainment",3,122,"ireland","-",-1.93968191328104,1.93968191328104,TRUE,85,0.1539150205,0.1691301924
"entertainment",3,123,"los","+",1.85961754220308,1.85961754220308,TRUE,23,0.06801989087,0.07353847519
"entertainment",3,124,"angeles","+",1.82540481218336,1.82540481218336,TRUE,25,0.05524351373,0.05269744
"entertainment",3,125,"injured","-",-1.79848782172619,1.79848782172619,TRUE,39,0.08252455526,0.06564094195
"entertainment",3,126,"video","-",-1.7729566791889,1.7729566791889,TRUE,46,0.09532960448,0.08052895808
"entertainment",3,127,"portable","-",-1.72329596061669,1.72329596061669,TRUE,18,0.06229057711,0.08583300277
"entertainment",3,128,"arsenal","-",-1.69361202022533,1.69361202022533,TRUE,20,0.06730854058,0.1513935058
"entertainment",3,129,"andy","-",-1.66490407538228,1.66490407538228,TRUE,43,0.1183245505,0.1603307957
"entertainment",3,130,"fee","+",1.58445451994299,1.58445451994299,TRUE,66,0.1448495233,0.109908448
"entertainment",3,131,"back","-",-1.56122662615616,1.56122662615616,TRUE,88,0.156464619,0.10971957
"entertainment",3,132,"downloads","-",-1.54926118021997,1.54926118021997,TRUE,34,0.07064470719,0.06062899967
"entertainment",3,133,"premiership","-",-1.45439808760612,1.45439808760612,TRUE,13,0.06446719335,0.1140393894
"entertainment",3,134,"speed","-",-1.42827158197222,1.42827158197222,TRUE,58,0.09229786653,0.06956478579
"entertainment",3,135,"referee","-",-1.42659402658133,1.42659402658133,TRUE,56,0.06593320425,0.0658189982
"entertainment",3,136,"chip","-",-1.40802604074336,1.40802604074336,TRUE,32,0.05117306019,0.04965495286
"entertainment",3,137,"gaming","-",-1.40290138464204,1.40290138464204,TRUE,36,0.06469345625,0.05523249563
"entertainment",3,138,"fast","-",-1.40286433076995,1.40286433076995,TRUE,33,0.05913567076,0.05245710599
"entertainment",3,139,"chart","+",1.39602168580116,1.39602168580116,TRUE,34,0.07673045862,0.07296745996
"entertainment",3,140,"olympic","-",-1.34375162979321,1.34375162979321,TRUE,29,0.07793127671,0.09281994868
"entertainment",3,141,"cost","-",-1.32148474867167,1.32148474867167,TRUE,72,0.1354862008,0.09809083122
"entertainment",3,142,"play","+",1.30738929314345,1.30738929314345,TRUE,170,0.2909178066,0.1441337206
"entertainment",3,143,"league","-",-1.30282008453016,1.30282008453016,TRUE,23,0.06280665057,0.07002072116
"entertainment",3,144,"stadium","-",-1.28371489703497,1.28371489703497,TRUE,108,0.1002046716,0.05001828766
"entertainment",3,145,"slam","-",-1.24787745891996,1.24787745891996,TRUE,25,0.06252391999,0.08380227425
"entertainment",3,146,"australian","-",-1.23299358299398,1.23299358299398,TRUE,31,0.1013683763,0.1238914618
"entertainment",3,147,"liverpool","-",-1.03867478713694,1.03867478713694,TRUE,44,0.06701853349,0.07163308796
"entertainment",3,148,"france","-",-1.01948640284887,1.01948640284887,TRUE,75,0.1426044549,0.1215816993
"entertainment",3,149,"television","+",0.997730392976262,0.997730392976262,TRUE,63,0.1049801346,0.06674447468
"entertainment",3,150,"saturday","+",0.990763477454459,0.990763477454459,TRUE,44,0.1285725511,0.16569639
"entertainment",3,151,"electronics","-",-0.954164288124074,0.954164288124074,TRUE,26,0.05188153577,0.05474886688
"entertainment",3,152,"age","+",0.923589556643986,0.923589556643986,TRUE,92,0.1939881207,0.1362962164
"entertainment",3,153,"champions","-",-0.916065614572102,0.916065614572102,TRUE,40,0.06648959993,0.04830986059
"entertainment",3,154,"illegal","-",-0.896527764059237,0.896527764059237,TRUE,61,0.08462335859,0.06259483683
"entertainment",3,155,"ibm","-",-0.872759845456328,0.872759845456328,TRUE,15,0.04389270785,0.08017080328
"entertainment",3,156,"google","-",-0.872726606049224,0.872726606049224,TRUE,15,0.0439590623,0.06555574904
"entertainment",3,157,"italian","-",-0.745365120872481,0.745365120872481,TRUE,46,0.08593696687,0.09642005062
"entertainment",3,158,"british","+",0.731093901073343,0.731093901073343,TRUE,122,0.1941128991,0.1080430138
"entertainment",3,159,"double","-",-0.723585714503193,0.723585714503193,TRUE,29,0.1041720187,0.1476947253
"entertainment",3,160,"popularity","-",-0.686742663770129,0.686742663770129,TRUE,62,0.08347148573,0.05487465672
"entertainment",3,161,"based","+",0.631717665999977,0.631717665999977,TRUE,54,0.1087750513,0.09180754405
"entertainment",3,162,"wales","-",-0.606591055883563,0.606591055883563,TRUE,20,0.07283645945,0.1219509871
"entertainment",3,163,"kick","-",-0.605553234455229,0.605553234455229,TRUE,49,0.07918234715,0.07506490876
"entertainment",3,164,"ipod","-",-0.600867685248101,0.600867685248101,TRUE,10,0.04577996367,0.07686499106
"entertainment",3,165,"rapper","+",0.593303424846055,0.593303424846055,TRUE,25,0.04753402313,0.05954307042
"entertainment",3,166,"middlesbrough","-",-0.585676625294563,0.585676625294563,TRUE,9,0.05353074471,0.1137905262
"entertainment",3,167,"beat","-",-0.581983395750706,0.581983395750706,TRUE,55,0.1184657629,0.1071716918
"entertainment",3,168,"future","-",-0.569697758369626,0.569697758369626,TRUE,32,0.08747387185,0.1009940109
"entertainment",3,169,"manchester","-",-0.516188634027827,0.516188634027827,TRUE,24,0.06090345871,0.08876340556
"entertainment",3,170,"release","+",0.511569969974373,0.511569969974373,TRUE,89,0.1142241251,0.06980871245
"entertainment",3,171,"irish","-",-0.471424236010771,0.471424236010771,TRUE,35,0.1071932334,0.137314178
"entertainment",3,172,"broadband","-",-0.459464582616816,0.459464582616816,TRUE,14,0.04352755421,0.06547287118
"entertainment",3,173,"penalty","-",-0.415105094191961,0.415105094191961,TRUE,59,0.07711805375,0.05904469733
"entertainment",3,174,"new","-",-0.41061533998529,0.41061533998529,TRUE,98,0.1522674283,0.1006625668
"entertainment",3,175,"date","+",0.384662757202978,0.384662757202978,TRUE,160,0.1972117568,0.08291384538
"entertainment",3,176,"striker","-",-0.380963630304567,0.380963630304567,TRUE,16,0.05296843933,0.08103283455
"entertainment",3,177,"many","-",-0.378953594775925,0.378953594775925,TRUE,103,0.1487910496,0.08362828107
"entertainment",3,178,"virus","-",-0.377273829779921,0.377273829779921,TRUE,14,0.03919468893,0.05323346989
"entertainment",3,179,"stolen","-",-0.358833578048708,0.358833578048708,TRUE,60,0.07179593578,0.04882857543
"entertainment",3,180,"latest","+",0.312832426412378,0.312832426412378,TRUE,99,0.1318985455,0.07856255528
"entertainment",3,181,"xbox","-",-0.300798328519283,0.300798328519283,TRUE,24,0.05451960202,0.08693849319
"entertainment",3,182,"international","-",-0.296646497168879,0.296646497168879,TRUE,53,0.1047473504,0.09087432519
"entertainment",3,183,"generation","-",-0.296155870391942,0.296155870391942,TRUE,24,0.05960292406,0.05746213139
"entertainment",3,184,"giant","-",-0.288446755519348,0.288446755519348,TRUE,25,0.0647530218,0.05969101388
"entertainment",3,185,"failed","-",-0.285091222510626,0.285091222510626,TRUE,173,0.1804925727,0.06579167856
"entertainment",3,186,"keeper","-",-0.279263919789415,0.279263919789415,TRUE,44,0.05265341809,0.05761189303
"entertainment",3,187,"anti","-",-0.261282218755765,0.261282218755765,TRUE,25,0.08089603343,0.09886808034
"entertainment",3,188,"chris","+",0.229376508018789,0.229376508018789,TRUE,25,0.0785219082,0.1064888693
"entertainment",3,189,"suffered","-",-0.185674833462711,0.185674833462711,TRUE,71,0.09892313268,0.07018729482
"entertainment",3,190,"directors","+",0.166226385282155,0.166226385282155,TRUE,66,0.1026552425,0.06191488067
"entertainment",3,191,"her","+",0.148526447847436,0.148526447847436,TRUE,70,0.1026745197,0.06327084131
"entertainment",3,192,"sony","-",-0.142439842564561,0.142439842564561,TRUE,23,0.08551299142,0.1166484407
"entertainment",3,193,"sunday","+",0.135607567113336,0.135607567113336,TRUE,35,0.1058572648,0.1210281898
"entertainment",3,194,"medal","-",-0.106128469592232,0.106128469592232,TRUE,135,0.1742490942,0.0835623959
"entertainment",3,195,"tie","-",-0.0997226549504715,0.0997226549504715,TRUE,21,0.05005416282,0.05912052287
"entertainment",3,196,"lost","+",0.0879939958561682,0.0879939958561682,TRUE,65,0.1181148693,0.09176162307
"entertainment",3,197,"personal","-",-0.0788200993917672,0.0788200993917672,TRUE,24,0.05093410448,0.05048366721
"entertainment",3,198,"race","-",-0.0603768307864954,0.0603768307864954,TRUE,52,0.08399985542,0.06697905433
"entertainment",3,199,"hen","-",-0.0595660803873796,0.0595660803873796,TRUE,9,0.04829712013,0.0966819691
"entertainment",3,200,"rock","+",0.0309204122565134,0.0309204122565134,TRUE,25,0.05508617269,0.05765417671
"entertainment",3,201,"newcastle","-",-0.0218325295753203,0.0218325295753203,TRUE,18,0.05926432958,0.1118917922
"entertainment",3,202,"after","-",-0.0197874415239223,0.0197874415239223,TRUE,65,0.08127356908,0.05350987242
"entertainment",3,203,"former","+",0.0132241112750897,0.0132241112750897,TRUE,52,0.1034186237,0.0840438711
"entertainment",3,204,"popular","-",-0.00761670710175721,0.00761670710175721,TRUE,46,0.0715987102,0.04911495309
"entertainment",3,205,"out","-",-0.00612703930792335,0.00612703930792335,TRUE,104,0.1827137159,0.1239001742
"entertainment",3,206,"indoor","-",-0.00365491159472953,0.00365491159472953,TRUE,11,0.04774047107,0.08290747884
